riasorr	i	1
eodonod	a	1
a,eodon	o	1
ßa,eodo	n	1
an√ßa,e	o	1
eran√ßa	,	1
esperan	√	1
dealnem	e	1
idealne	m	1
emideal	n	1
mesemid	e	1
e-mesem	i	1
se-mese	m	1
uiu-se-	m	1
onstrui	u	1
reconst	r	1
eounive	r	1
,eouniv	e	1
es!,eou	n	1
≥esteve	s	1
s√≥este	v	1
us√≥est	e	1
ealneme	s	1
lheadeu	s	1
ei-lhea	d	1
sgritei	-	1
eusgrit	e	1
eeviu-m	e	1
tevesvo	l	1
stevesv	o	1
todivin	o	1
intodiv	i	1
tintodi	v	1
stintod	i	1
nstinto	d	1
instint	o	1
itei-lh	e	1
minstin	t	1
ruminst	i	1
orumins	t	1
moporum	i	1
(odonod	a	1
ssemmet	a	1
evessem	m	1
©oestev	e	1
√©oeste	v	1
o:√©oes	t	1
√ßo-o:√	©	1
onhe√ßo	-	1
ah,conh	e	1
al√ßas?	)	1
cal√ßas	?	1
dascal√	ß	1
eiradas	c	1
beirada	s	1
gibeira	d	1
algibei	r	1
aalgibe	i	1
naalgib	e	1
roconaa	l	1
trocona	a	1
ndotroc	o	1
etendot	r	1
metendo	t	1
ia(mete	n	1
caria(m	e	1
udataba	c	1
emsaiud	a	1
omemsai	u	1
vou√†ja	n	1
.vou√†j	a	1
deira.v	o	1
edacade	i	1
nto-med	a	1
vanto-m	e	1
sto,lev	a	1
toisto,	l	1
stoisto	,	1
istoist	o	1
ssefeli	z	1
fossefe	l	1
zfossef	e	1
talvezf	o	1
avadeir	a	1
halavad	e	1
nhalava	d	1
minhala	v	1
adaminh	a	1
lhadami	n	1
afilhad	a	1
omafilh	a	1
secomaf	i	1
ssecoma	f	1
speran√	ß	1
sasseco	m	1
ucasass	e	1
seeucas	a	1
(seeuca	s	1
eifuman	d	1
areifum	a	1
uareifu	m	1
inuarei	f	1
tinuare	i	1
r,conti	n	1
mafilha	d	1
nceder,	c	1
onceder	,	1
omoconc	e	1
stinomo	c	1
estinom	o	1
toodest	i	1
antoode	s	1
quantoo	d	1
nquanto	o	1
inuofum	a	1
tinuofu	m	1
ontinuo	f	1
snacade	i	1
√°snaca	d	1
tr√°sna	c	1
meparat	r	1
o-mepar	a	1
eito-me	p	1
sdeito-	m	1
isdeito	-	1
oisdeit	o	1
poisdei	t	1
isposto	.	1
ldispos	t	1
aldispo	s	1
rmaldis	p	1
tarmald	i	1
starmal	d	1
estarma	l	1
u√™ncia	d	1
qu√™nci	a	1
equ√™nc	i	1
sequ√™n	c	1
nsequ√™	n	1
onsequ√	™	1
consequ	√	1
oodesti	n	1
umacons	e	1
ca√©uma	c	1
≠sica√©	u	1
queamet	a	1
ciadequ	e	1
eaconsc	i	1
sespecu	l	1
asespec	u	1
asasesp	e	1
detodas	a	1
petente	,	1
mpetent	e	1
ompeten	t	1
compete	n	1
ecompet	e	1
oecompe	t	1
sitivoe	c	1
nsitivo	e	1
tosensi	t	1
entosen	s	1
mentose	n	1
adeus√≥	e	1
momento	s	1
mmoment	o	1
ummomen	t	1
ozo,num	m	1
gozo,nu	m	1
r√≥pria	,	1
marotap	r	1
umarota	p	1
moumaro	t	1
umocomo	u	1
fumocom	o	1
etodoso	s	1
detodos	o	1
£odetod	a	1
£odetod	o	1
√£odeto	d	2
ta√ß√£o	d	2
rta√ß√£	o	2
berta√ß	√	2
alibert	a	2
oaliber	t	1
garroal	i	1
nocigar	r	1
eionoci	g	1
aboreio	n	1
saborei	o	1
esabore	i	1
ev√™-lo	s	1
screv√™	-	1
escrev√	™	1
remescr	e	1
saremes	c	1
pensare	m	1
opensar	e	1
-lheade	u	1
aopensa	r	1
rroaope	n	1
arroaop	e	1
garroao	p	1
cigarro	a	2
umcigar	r	1
oumciga	r	1
ndoumci	g	1
cendoum	c	1
acendou	m	1
tr√°rio	.	1
ontr√°r	i	1
quedigo	o	1
semqued	i	1
vereste	s	1
arescre	v	1
ionares	c	1
cionare	s	1
ncionar	e	1
utencio	n	1
outenci	o	1
ido,hum	a	1
onvenci	d	1
inomoco	n	1
convenc	i	1
specula	√	1
o,conve	n	1
ico,con	v	1
©rgico,	c	1
√©rgico	,	1
meen√©r	g	1
go-meen	√	1
rgo-mee	n	1
u-se-me	s	1
ergo-me	e	1
emiergo	-	1
semierg	o	1
mcimade	m	1
ohomems	a	1
enteemc	i	1
ncido,h	u	1
derepen	t	1
iderepe	n	1
caidere	p	1
lcaider	e	1
ocigarr	o	1
elcaide	r	1
velcaid	e	1
s√≠velc	a	1
adeplau	s	1
lidadep	l	1
abaco?)	,	1
tabaco?	)	1
prartab	a	1
acompra	r	1
racompr	a	1
aracomp	r	1
a(parac	o	1
acaria(	m	1
acaria(	p	1
ntrouna	t	1
:√©oest	e	1
mementr	o	1
omement	r	1
homemen	t	1
umhomem	e	1
nhe√ßo-	o	1
mprarta	b	1
asumhom	e	1
nemoutr	a	1
anemout	r	1
sanemou	t	1
coisane	m	1
acoisan	e	1
mumacoi	s	1
nemumac	o	1
saounem	u	1
deus√≥e	s	1
isaoune	m	1
coisaou	n	1
utracoi	s	1
outraco	i	1
oousemp	r	1
toousem	p	1
stoouse	m	1
istoous	e	1
reistoo	u	1
mpreist	o	1
emcimad	e	1
empreis	t	1
erf√≠ci	e	1
perf√≠c	i	1
asuperf	√	1
dasuper	f	1
odasupe	r	1
iodasup	e	1
-meadeu	s	1
emist√©	r	1
onodemi	s	1
sonodem	i	1
osonode	m	1
oosonod	e	1
comooso	n	1
ocomoos	o	1
tocomoo	s	1
ouniver	s	1
certoco	m	1
ocertoc	o	1
riodasu	p	1
t√£ocer	t	1
ndot√£o	c	1
dofundo	t	1
iodofun	d	1
©riodof	u	1
eomist√	©	1
reomist	√	1
preomis	t	1
empreom	i	1
mooreal	,	1
omoorea	l	1
comoore	a	1
ocomoor	e	1
docomoo	r	1
idocomo	o	1
sasespe	c	1
∫pidoco	m	1
est√∫pi	d	1
oltou-s	e	1
oest√∫p	i	1
t√£oest	√	1
velt√£o	e	1
≠velt√£	o	1
s√≠velt	√	1
eoimpos	s	1
preoimp	o	1
mpreoim	p	1
oaoutra	,	1
moaoutr	a	1
n√©rgic	o	1
∫tilcom	o	1
√∫tilco	m	1
oin√∫ti	l	1
£oin√∫t	i	1
√£oin√∫	t	1
sica√©u	m	1
sat√£oi	n	1
acoisat	√	1
daoutra	,	1
edaoutr	a	1
ontedao	u	1
adefron	t	1
sadefro	n	1
isadefr	o	1
coisade	f	1
acoisad	e	1
umacois	a	3
√©riodo	f	1
reumaco	i	2
mpreuma	c	2
empreum	a	2
buletas	,	1
otabule	t	1
omotabu	l	1
scomota	b	1
ascomot	a	1
decoisa	s	1
odecois	a	1
xodecoi	s	1
ixodeco	i	1
oporbai	x	1
ndoporb	a	1
endopor	b	1
vendopo	r	1
ivendop	o	1
rsosevi	v	1
ersosev	i	1
versose	m	1
versose	v	1
moverso	s	1
narescr	e	1
scomove	r	1
stevess	e	1
adascal	√	1
sascomo	t	1
sascomo	v	1
isascom	o	2
oisasco	m	2
ndocois	a	1
zendoco	i	1
√°fazen	d	1
ar√°faz	e	1
tinuar√	°	1
ntinuar	e	1
ntinuar	√	1
ontinua	r	2
continu	o	1
continu	a	2
rcoisac	o	1
ercoisa	c	1
quercoi	s	1
alquerc	o	1
ualquer	c	1
squalqu	e	1
asqualq	u	1
masqual	q	1
stemasq	u	1
ssistem	a	1
ossiste	m	1
utrossi	s	1
deoutro	s	1
itesdeo	u	1
©litesd	e	1
rossat√	©	1
utrossa	t	1
outross	i	1
outross	a	1
tosedeu	.	1
istosed	e	1
uetudoi	s	1
mquetud	o	1
eemquet	u	1
rgico,c	o	1
ranteem	q	1
planeta	g	1
oisat√£	o	1
oplanet	a	1
oisopla	n	1
depoiso	p	1
rer√°de	p	1
tososve	r	1
ritosos	v	1
cido,hu	m	1
critoso	s	1
escrito	s	1
mescrit	o	1
ramescr	i	1
oramesc	r	1
eforame	s	1
ntoodes	t	1
quefora	m	1
uaemque	f	1
guaemqu	e	1
√≠nguae	m	1
,humano	,	1
l√≠ngua	e	1
al√≠ngu	a	1
ezfosse	f	1
eal√≠ng	u	1
eatabul	e	1
veatabu	l	1
teveata	b	1
aondees	t	1
ruaonde	e	1
aruaond	e	1
°aruaon	d	1
ecertaa	l	1
decerta	a	1
sdecert	a	1
epoisde	i	1
epoisde	c	1
stamb√©	m	1
ersosta	m	1
osverso	s	2
acoisao	u	1
eosvers	o	1
m,eosve	r	1
©m,eosv	e	1
√©m,eos	v	1
b√©m,eo	s	1
amb√©m,	e	1
atamb√©	m	1
tatamb√	©	1
uletata	m	1
buletat	a	1
uramorr	e	2
lgibeir	a	1
alturam	o	2
certaal	t	2
us√≠vel	c	1
acertaa	l	1
reivers	o	1
eira.vo	u	1
areiver	s	1
udeixar	e	1
eudeixa	r	1
eeudeix	a	1
a,eeude	i	1
isdecer	t	1
eta,eeu	d	1
uleta,e	e	1
√°atabu	l	2
coisaco	m	1
xar√°at	a	1
eixar√°	a	1
eledeix	a	1
morrere	i	1
umorrer	e	1
eeumorr	e	1
rer√°ee	u	1
rrer√°e	e	1
elemorr	e	1
plaus√≠	v	1
endendo	.	1
tendend	o	1
entende	n	1
l-enten	d	1
mal-ent	e	1
almamal	-	1
daalmam	a	1
lvoltad	a	1
ßamalvo	l	1
e√ßamal	v	1
be√ßama	l	1
odacabe	√	1
ortodac	a	1
nfortod	a	2
confort	o	2
sconfor	t	2
desconf	o	2
ou-ocom	o	1
hou-oco	m	1
cou√†po	r	1
icou√†p	o	1
ficou√†	p	1
eficou√	†	1
taefico	u	1
portaef	i	1
√†porta	.	2
√†porta	e	1
rtocomo	o	1
u√†port	a	3
ou√†por	t	3
egou√†p	o	2
hegou√†	p	2
chegou√	†	2
maconse	q	1
achegou	√	2
cariach	e	2
acariac	h	2
asodono	d	1
masodon	o	1
alianad	a	1
epoisop	l	1
√£ovali	a	1
n√£oval	i	1
en√£ova	l	1
roubara	m	1
esemide	a	1
nosroub	a	1
anosrou	b	1
iganosr	o	1
uar√°fa	z	1
oscigan	o	1
comopor	u	1
eosciga	n	1
hoqueos	c	1
achoque	o	1
apachoq	u	1
capacho	q	1
edigooc	o	1
ouumcap	a	1
queosci	g	1
trope√ß	a	1
otrope√	ß	1
™badotr	o	1
√™badot	r	1
umb√™ba	d	1
eumb√™b	a	1
queumb√	™	1
mqueumb	√	1
emqueum	b	1
divinoo	e	1
omogent	e	1
teemque	t	1
teemque	u	1
apeteem	q	1
mtapete	e	1
enquant	o	1
umtapet	e	1
oumtape	t	1
moumtap	e	1
odasase	s	1
xistind	o	1
existin	d	1
estarex	i	1
deestar	m	1
deestar	e	1
adeesta	r	2
iadeest	a	2
™nciade	q	1
™nciade	e	2
i√™ncia	d	2
sci√™nc	i	2
nsci√™n	c	2
onsci√™	n	2
aconsci	√	2
©sacons	c	1
√©sacon	s	1
sp√©sac	o	1
doaosp√	©	1
ntodivi	n	1
vessemm	e	1
ndoaosp	√	1
inooest	e	1
andoaos	p	1
lcandoa	o	1
eemcima	d	1
calcand	o	1
cariade	d	1
uofuman	d	1
atabaca	r	6
versost	a	1
databac	a	5
tedatab	a	1
ntedata	b	1
ontedat	a	1
efronte	,	1
efronte	d	2
defront	e	3
edefron	t	2
predefr	o	1
emprede	f	1
sempred	e	1
esempre	d	1
epentee	m	1
assesem	p	1
oficass	e	1
iergo-m	e	1
n√£ofic	a	1
maldisp	o	1
en√£ofi	c	1
aminhal	a	1
fizesse	,	1
eufizes	s	1
eeufize	s	1
aqueeuf	i	1
ocoisaq	u	1
ecomoco	i	1
-tecomo	c	1
ntrar-t	e	1
ontrar-	t	1
contrar	-	1
raencon	t	1
deraenc	o	1
emmeder	a	1
uemmede	r	1
n√∫teis	,	1
in√∫tei	s	1
ersosin	√	1
versosi	n	1
usverso	s	1
eusvers	o	1
osmeusv	e	1
caldosm	e	1
miergo-	m	1
usicald	o	1
musical	d	1
√™nciam	u	1
s√™ncia	m	1
ra.vou√	†	1
ss√™nci	a	1
sosin√∫	t	1
sousubl	i	1
rquesou	s	1
arqueso	u	1
ovarque	s	1
provarq	u	1
aprovar	q	1
£oest√∫	p	1
raprova	r	1
araprov	a	1
parapro	v	1
aparapr	o	1
≥riapar	a	1
t√≥riap	a	1
tahist√	≥	1
teemcim	a	1
restahi	s	1
erestah	i	1
nguaemq	u	1
reveres	t	2
crevere	s	2
etodasa	s	1
uescrev	e	1
ouescre	v	1
vouescr	e	1
ofensiv	o	1
inofens	i	1
°fazend	o	1
aaltura	m	2
rinofen	s	1
ramen√£	o	1
serinof	e	1
rserino	f	1
orserin	o	1
er√™nci	a	1
lager√™	n	1
elager√	™	1
pelager	√	1
ersosem	q	1
opelage	r	1
adopela	g	1
radopel	a	1
√£otole	r	1
c√£otol	e	1
oumc√£o	t	1
esti√°r	i	1
vesti√°	r	1
ovesti√	°	1
novesti	√	1
minoves	t	1
orminov	e	1
dormino	v	1
raedorm	i	1
°scarae	d	1
aam√°sc	a	1
r-tecom	o	1
raam√°s	c	1
foraam√	°	1
iforaam	√	1
iteifor	a	1
eiteifo	r	1
deiteif	o	1
aramen√	£	1
nhatira	d	1
orrerei	.	1
otinhat	i	1
√£otinh	a	1
irantee	m	1
n√£otin	h	1
≥quen√£	o	1
ssesemp	r	1
√≥quen√	£	1
tirodom	i	1
onforto	d	2
iavesti	r	1
arexist	i	1
oraam√°	s	1
biavest	i	1
lmamal-	e	1
abiaves	t	1
sumhome	m	1
sabiave	s	1
osabiav	e	1
√£osabi	a	1
n√£osab	i	1
,j√°n√£	o	1
o,j√°n√	£	1
do,j√°n	√	1
bado,j√	°	1
oumarot	a	1
™bado,j	√	1
√™bado,	j	1
b√™bado	t	1
b√™bado	,	1
ostamb√	©	1
ab√™bad	o	1
vab√™ba	d	1
tavab√™	b	1
stavab√	™	1
estavab	√	1
nvelhec	i	1
comoumc	√	1
aenvelh	e	1
haenvel	h	1
j√°tinh	a	1
rer√°at	a	1
espelho	,	1
eiemevi	a	1
ireieme	v	1
tireiem	e	1
atireie	m	1
aria(pa	r	1
oatirei	e	1
eucasas	s	1
doatire	i	1
ndoatir	e	1
ilhadam	i	1
eametaf	√	1
andoati	r	1
uandoat	i	1
odetoda	s	1
ada√†ca	r	1
gada√†c	a	1
egada√†	c	1
pegada√	†	1
apegada	√	1
vapegad	a	1
avapega	d	1
estavap	e	1
√°scara	e	1
√°scara	,	1
m√°scar	a	2
ram√°sc	a	1
raram√°	s	1
iraram√	°	1
tiraram	√	1
stirara	m	1
doquist	i	1
ndoquis	t	1
erdi-me	.	1
eperdi-	m	1
,eperdi	-	1
ti,eper	d	1
nti,epe	r	1
smenti,	e	1
desment	i	1
√£odesm	e	1
raen√£o	d	1
eraen√£	o	1
n√£oera	e	1
emn√£oe	r	1
orquemn	√	1
logopor	q	1
-melogo	p	1
n√£odes	m	1
am-melo	g	1
ram-mel	o	1
eram-me	l	1
°tinhae	n	1
ceram-m	e	1
eceram-	m	1
a√†cara	.	1
onhecer	a	1
eraerra	d	1
ieraerr	a	1
tieraer	r	1
scal√ßa	s	1
scritos	o	1
stierae	r	1
estiera	e	1
uercois	a	1
vestier	a	1
quevest	i	1
≥queves	t	1
√≥queve	s	1
min√≥qu	e	2
√£oofiz	.	1
√°depoi	s	1
imn√£oo	f	1
amal-en	t	1
emimn√£	o	1
erdemim	n	1
nstruiu	-	1
zerdemi	m	1
uepodia	f	1
quepodi	a	1
oquepod	i	1
√£osoub	e	1
nemespe	r	1
meusver	s	1
en√£oso	u	1
moquen√	£	1
imoquen	√	1
emimoqu	e	1
zdemimo	q	1
exidame	n	1
rtoreme	x	1
gartore	m	1
agartor	e	1
£ocerto	c	1
olagart	o	1
dolagar	t	1
rrer√°a	r	1
rrer√°a	t	1
mdolaga	r	1
aaqu√©m	d	1
raaqu√©	m	1
araaqu√	©	1
paraaqu	√	1
£ovalia	n	1
oparaaq	u	1
eiverso	s	1
boparaa	q	1
rabopar	a	1
ue√©rab	o	1
tamorab	o	1
osensit	i	1
ortamor	a	1
uemcort	a	1
quemcor	t	1
der,con	t	1
aquemco	r	1
elhecid	o	1
toaquem	c	1
evivend	o	1
rtoaque	m	1
ementro	u	1
gartoaq	u	1
agartoa	q	1
mlagart	o	1
umlagar	t	1
oumlaga	r	1
ou√†jan	e	1
moumlag	a	1
eus√≥es	t	1
comouml	a	1
enas,co	m	1
apenas,	c	1
oapenas	,	1
comotab	u	1
doapena	s	1
istidoa	p	1
xistido	a	1
masumho	m	1
existid	o	1
doporba	i	1
sexisti	d	1
asexist	i	1
oversos	e	1
hasexis	t	1
tenhase	x	1
ztenhas	e	1
veztenh	a	1
alvezte	n	1
adisso)	;	1
adadiss	o	1
nadadis	s	1
zernada	d	1
fazerna	d	1
t√©lite	s	1
semfaze	r	1
sosemfa	z	1
o,human	o	1
detudoi	s	1
edetudo	i	1
dedetud	o	1
nuareif	u	1
adedetu	d	1
dadedet	u	1
idadede	t	1
ealidad	e	2
realida	d	2
mquefor	a	1
arealid	a	2
semprei	s	1
erareal	i	1
zerarea	l	1
reoutra	c	1
azerare	a	1
fazerar	e	1
√≠velt√	£	1
lfazera	r	1
univers	o	1
saiudat	a	1
velfaze	r	1
≠velfaz	e	1
©poss√≠	v	1
√©poss√	≠	1
orque√©	p	1
st√∫pid	o	1
emcress	e	1
raerrad	o	1
nemcres	s	1
esnemcr	e	1
aratr√°	s	1
amasses	n	1
iu-se-m	e	1
nemamas	s	1
esnemam	a	1
sesnema	m	1
assesne	m	2
udasses	n	1
estudas	s	1
mestuda	s	1
sesneme	s	1
ssesnem	c	1
ssesnem	a	1
ssesnem	e	1
vessesn	e	1
ivesses	n	1
netagir	a	1
avivess	e	1
ncavive	s	1
evouten	c	1
ufizess	e	1
nuncavi	v	1
znuncav	i	1
veznunc	a	1
alveznu	n	1
ionocig	a	1
talvezn	u	1
:talvez	n	1
so:talv	e	1
enso:ta	l	1
epenso:	t	1
nemestu	d	1
mentira	,	1
amentir	a	1
eamenti	r	1
,conhe√	ß	1
seament	i	1
aixodec	o	1
gaseame	n	1
agaseam	e	1
porque√	©	1
chagase	a	1
aschaga	s	1
rajosea	s	1
nomocon	c	1
fazerde	m	1
drajose	a	1
ndrajos	e	1
andrajo	s	1
umosand	r	1
adaumos	a	1
cadaumo	s	1
acadaum	o	1
oacadau	m	1
lhoacad	a	1
nhecera	m	1
olhoaca	d	1
£osereu	.	1
n√£oser	e	1
rn√£ose	r	1
orn√£os	e	1
s√≥porn	√	1
jes√≥po	r	1
rounata	b	1
ocoisas	c	1
ejes√≥p	o	1
omoporu	m	1
√£oinve	j	1
n√£oinv	e	1
eun√£oi	n	1
at√©lit	e	1
eeun√£o	i	1
ueeun√£	o	1
queeun√	£	1
rescrev	e	1
uesousu	b	1
oqueeun	√	1
digoque	e	1
digooco	n	1
ndigoqu	e	1
mendigo	q	1
°mendig	o	1
h√°mend	i	1
£oh√°me	n	1
meviaoe	s	1
stidoap	e	1
jen√£oh	√	1
ojen√£o	h	1
ehojen√	£	1
idoapen	a	1
eat√©cr	i	1
,eat√©c	r	1
sosvers	o	1
ei,eat√	©	1
amei,ea	t	1
comover	s	1
,amei,e	a	1
i,amei,	e	1
er√°dep	o	1
dei,ame	i	1
udei,am	e	1
voltou-	s	1
tudei,a	m	1
studei,	a	1
sesnemc	r	1
,estude	i	1
vi,estu	d	1
motudo.	)	1
comotud	o	1
,comotu	d	1
ro,como	t	1
iro,com	o	1
geiro,c	o	1
ngeiro,	c	1
angeiro	,	1
rangeir	o	1
tei-lhe	a	1
isoplan	e	1
strange	i	1
n√≥quev	e	1
estrang	e	1
©estran	g	1
√©estra	n	1
to√©est	r	1
sto√©es	t	1
isto√©e	s	1
eoquepo	d	1
doisto√	©	1
ltou-se	e	1
degredo	,	1
odegred	o	1
ran√ßa,	e	1
aodegre	d	1
easchag	a	1
oaodegr	e	1
√ß√£oao	d	1
na√ß√£o	a	1
ena√ß√£	o	1
dena√ß√	£	1
ndena√ß	√	1
ondena√	ß	1
riacheg	o	2
aconden	a	1
ssat√©l	i	1
quemmed	e	1
maconde	n	1
umacond	e	1
oumacon	d	1
moumaco	n	1
omoumac	o	1
sacomou	m	1
esacomo	u	1
(metend	o	1
pesacom	o	1
comoaou	t	1
epesaco	m	1
oistome	p	1
doistom	e	1
icaldos	m	1
tudoist	o	3
etudois	s	1
etudois	t	3
penas,c	o	1
mexiste	m	1
©mexist	e	1
amb√©me	x	1
etamb√©	m	1
uetamb√	©	1
squetam	b	1
aria(me	t	1
£esquet	a	1
sc√£esq	u	1
osc√£es	q	1
joosc√£	e	1
gico,co	n	1
uesecru	z	1
osquese	c	1
to-meda	c	1
oosc√£e	s	1
tidosqu	e	1
osvesti	d	1
≥porn√£	o	1
svivosv	e	1
scigano	s	1
esvivos	v	1
azendoc	o	1
ntesviv	o	1
emestud	a	1
entesvi	v	1
joosent	e	1
ejoosen	t	1
vejoose	n	1
uepassa	m	1
in√≥que	n	1
in√≥que	v	1
quepass	a	1
squepas	s	1
osquepa	s	1
rosquep	a	1
arrosqu	e	1
sostamb	√	1
scarros	q	1
oscarro	s	1
ios,vej	o	1
seios,v	e	1
baramen	√	1
asseios	,	1
passeio	s	1
ospasse	i	1
oospass	e	1
vejoosp	a	1
s,vejoo	s	2
jas,vej	o	1
ojas,ve	j	1
slojas,	v	1
aslojas	,	1
joasloj	a	1
sicaldo	s	1
ejoaslo	j	1
vejoasl	o	1
emumaco	i	1
schagas	e	1
idezabs	o	1
nciadeq	u	1
manitid	e	1
umaniti	d	1
mumanit	i	1
omumani	t	1
comuman	i	1
acomuma	n	1
ruacomu	m	1
usgrite	i	1
oaruaco	m	1
evejoar	u	1
aevejoa	r	1
laevejo	a	1
elaevej	o	1
nelaeve	j	1
janelae	v	1
√†janel	a	2
go√†jan	e	1
aqu√©md	o	1
hego√†j	a	1
tronada	.	1
ontrona	d	1
mederae	n	1
contron	a	1
ncontro	n	1
adedefr	o	1
stomepe	s	1
£oencon	t	1
√∫pidoc	o	1
aoespel	h	1
n√£oenc	o	1
oen√£oe	n	1
moen√£o	e	1
oh√°men	d	1
smoen√£	o	1
odescon	f	2
esmoen√	£	1
mesmoen	√	1
osinvoc	o	1
osinvoc	a	1
≠ritosi	n	2
evanto-	m	1
p√≠rito	s	2
trossis	t	1
choqueo	s	1
esp√≠ri	t	2
ado,j√°	n	1
tinhaen	v	1
amesp√≠	r	2
nvocame	s	2
invocam	e	2
uaondee	s	1
ueinvoc	a	1
essesne	m	1
queinvo	c	1
ivinooe	s	1
squeinv	o	1
osquein	v	1
eveatab	u	1
oosquei	n	1
inhalav	a	1
imademi	m	1
moosque	i	1
omoosqu	e	1
fizdemi	m	1
comoosq	u	1
espejad	o	1
(paraco	m	1
despeja	d	1
edespej	a	1
ldedesp	e	1
aldedes	p	1
mbalded	e	1
umbalde	d	1
√©umbal	d	1
√£o√©um	b	1
√ß√£o√©	u	1
ra√ß√£o	√	1
ora√ß√£	o	1
ucora√ß	√	1
oisacom	o	1
rqueins	p	1
arquein	s	1
ederaen	c	1
irarque	i	1
eestare	x	1
endigoq	u	1
spirarq	u	1
einspir	e	1
einspir	a	1
podeins	p	1
epodein	s	1
s,sepod	e	1
acarias	o	1
as,sepo	d	1
,quesej	a	1
ger√™nc	i	1
carrosq	u	1
r,quese	j	1
or,ques	e	1
zo,numm	o	1
ounemum	a	1
for,que	s	1
uefor,q	u	1
aoquefo	r	1
jaoquef	o	1
ejaoque	f	1
soplane	t	1
sejaoqu	e	1
n√ßa,eo	d	1
,sejaoq	u	1
so,seja	o	1
eoutros	s	1
isso,se	j	1
doisso,	s	1
tudoiss	o	2
qu√™‚Äî	,	1
moqu√™‚	Ä	1
bemoqu√	™	1
obemoqu	√	1
©umbald	e	1
ebobemo	q	1
edataba	c	1
cebobem	o	1
xareive	r	1
ncebobe	m	1
oncebob	e	1
dedefro	n	1
ocamesp	√	2
concebo	b	1
iversos	.	1
oconceb	o	1
oasloja	s	1
Äîn√£oc	o	1
£osoube	,	1
o‚Äîn√£	o	1
no‚Äîn√	£	1
rno‚Äîn	√	1
erno‚Äî	n	1
ofumoco	m	1
oderno‚	Ä	1
™modern	o	1
qu√™mod	e	1
starexi	s	1
iqu√™mo	d	1
nofensi	v	1
eiqu√™m	o	1
√£oseiq	u	1
emesper	a	1
emexida	m	1
un√£ose	i	1
oun√£os	e	1
√©mdola	g	1
sospais	,	1
ssospai	s	1
nossosp	a	1
eztenha	s	1
snossos	p	1
odosnos	s	1
eparatr	√	1
podosno	s	1
todaalm	a	1
empodos	n	1
moutros	s	1
ssosemf	a	1
tempodo	s	1
dotempo	d	1
o,nummo	m	1
redotem	p	1
bredote	m	1
c√©lebr	e	1
ciamusi	c	1
goqueeu	n	1
ec√©leb	r	1
otec√©l	e	1
ocotec√	©	1
cocotec	√	1
g√≠nqua	,	1
aelong√	≠	1
eesteve	a	1
tadaelo	n	1
cotadae	l	1
ecotada	e	1
decotad	a	1
,decota	d	1
amescri	t	1
o,decot	a	1
to,deco	t	1
oito,de	c	1
dezoito	,	1
odezoit	o	1
motabul	e	1
lodezoi	t	1
ulodezo	i	1
aremesc	r	1
©culode	z	1
√©culod	e	1
dos√©cu	l	1
ossospa	i	1
ados√©c	u	1
lvezten	h	1
sados√©	c	1
£oconce	b	1
esados√	©	1
uesados	√	1
conhe√ß	o	1
quesado	s	1
rquesad	o	1
marques	a	1
redefro	n	1
en√£ode	s	1
umarque	s	1
oumarqu	e	1
olorida	,	1
estevea	t	1
colorid	a	1
boreion	o	1
artabac	o	1
icasses	e	1
maecolo	r	1
simaeco	l	1
ssimaec	o	1
envelhe	c	1
√≠ssima	e	1
l√≠ssim	a	1
il√≠ssi	m	1
√©rabop	a	1
gentil√	≠	1
,gentil	√	1
es,gent	i	1
do,huma	n	1
res,gen	t	1
ndeeste	v	1
etatamb	√	1
b√©mexi	s	1
dores,g	e	1
adores,	g	1
igarroa	l	1
igarroa	o	1
vadores	,	1
ovadore	s	1
rovador	e	1
trovado	r	1
etrovad	o	1
esadetr	o	1
cesadet	r	1
ncesade	t	1
seascha	g	1
rincesa	d	1
princes	a	1
uprince	s	1
ouprinc	e	1
enefast	a	1
rsosemq	u	1
nobreen	e	1
iachego	u	2
riadede	f	1
enobree	n	1
ntenobr	e	1
menteno	b	1
na,impo	s	1
ana,imp	o	1
mana,im	p	1
omana,i	m	1
romana,	i	1
aromana	,	1
ciaroma	n	1
≠ciarom	a	1
r√≠ciar	o	1
poisdec	e	1
tr√≠cia	r	1
atr√≠ci	a	1
√≥estev	e	1
lojas,v	e	1
√™moder	n	1
patr√≠c	i	1
goporqu	e	1
oupatr√	≠	1
mespera	n	1
sseviva	,	1
uefosse	v	1
uaquefo	s	1
ego√†ja	n	1
tuaquef	o	1
°tuaque	f	1
st√°tua	q	1
oest√°t	u	1
moest√°	t	1
sosemqu	e	1
izdemim	o	1
s,genti	l	1
omoest√	°	1
√£oerae	n	1
comoest	√	1
tou-see	v	1
sat√©li	t	1
acomoes	t	1
ivosves	t	1
dacomoe	s	1
idacomo	e	1
al-ente	n	1
ebidaco	m	1
oncebid	a	1
arroali	b	1
laus√≠v	e	1
concebi	d	1
mmedera	e	1
,conceb	i	1
ametaf√	≠	1
ixareiv	e	1
a,conce	b	1
rega,co	n	1
grega,c	o	1
agrega,	c	1
usagreg	a	1
deusagr	e	1
uesejas	,	1
udeusag	r	1
uperf√≠	c	1
oudeusa	g	1
emescre	v	1
√©lebre	d	1
ssocons	o	1
issocon	s	1
rissoco	n	1
£osabia	v	1
orissoc	o	1
deusgri	t	1
porisso	c	1
seporis	s	1
esepori	s	1
£oeraen	√	1
bidacom	o	1
stesepo	r	1
ia(para	c	1
existes	e	1
oexiste	s	1
£oexist	e	1
n√£oexi	s	1
reenefa	s	1
en√£oex	i	1
teves!,	e	1
uen√£oe	x	1
s,quen√	£	1
as,quen	√	1
men√£ov	a	1
elong√≠	n	1
las,que	n	1
solas,q	u	1
vivesse	s	1
nsolas,	q	1
stirodo	m	1
onsolas	,	2
-ocomod	e	1
ueconso	l	1
quecons	o	1
(tu,que	c	1
mcamisa	.	1
semcami	s	1
asemcam	i	1
dadepla	u	1
asasemc	a	1
casasem	c	1
nas,com	o	1
emcasas	e	1
riapara	p	1
oemcasa	s	1
ficoemc	a	1
eficoem	c	1
soseviv	e	1
sodasco	i	1
as,como	u	1
ursodas	c	1
comprar	t	1
e√©poss	√	1
cursoda	s	1
ecursod	a	1
isacomo	g	1
mcasase	m	1
decurso	d	1
mescrev	√	1
raodecu	r	1
praodec	u	1
l,praod	e	1
olerado	p	1
domin√≥	q	2
rol,pra	o	1
ifumand	o	1
mrol,pr	a	1
atirado	.	1
semrol,	p	1
,semrol	,	1
u,semro	l	1
sou,sem	r	1
osnosso	s	1
esou,se	m	1
-se-mes	e	1
sujaque	s	1
asujaqu	e	1
ou,semr	o	1
pasujaq	u	1
upasuja	q	1
roupasu	j	1
,levant	o	1
oofumoc	o	1
est√°tu	a	1
aroupas	u	1
£o√©umb	a	1
queatir	o	1
mqueati	r	1
mcresse	s	1
acomoum	a	1
omqueat	i	1
comquea	t	1
ocomque	a	1
în√£oco	n	1
rgocomq	u	1
argocom	q	1
ecomafi	l	1
largoco	m	1
uevesti	e	1
olargoc	o	1
anto-me	d	1
ascomov	e	1
osnoges	t	1
empreoi	m	1
enosnog	e	1
menosno	g	1
turamor	r	2
ueinspi	r	1
omenosn	o	1
omentos	e	1
breaome	n	1
°grimas	,	1
candoao	s	1
l√°grim	a	1
emquetu	d	1
eml√°gr	i	1
ortodaa	l	1
seml√°g	r	1
zoseml√	°	1
mamal-e	n	1
ezoseml	√	1
rezosem	l	1
desprez	o	1
mdespre	z	1
eviu-me	.	1
omoaout	r	1
ejoosc√	£	1
umdespr	e	1
oumdesp	r	1
esmoumd	e	1
artorem	e	1
ejoosca	r	1
mesmoum	d	1
immesmo	e	1
immesmo	u	1
mimmesm	o	2
r√°snac	a	1
amimmes	m	2
!,eouni	v	1
teifora	a	1
nsagroa	m	1
onsagro	a	1
consagr	o	1
sconsag	r	1
remexid	a	1
emamass	e	1
enoscon	s	1
omenosc	o	1
oss√≠ve	l	3
pr√≥pri	a	1
ntenden	d	1
oubaram	e	1
mposs√≠	v	2
imposs√	≠	2
oimposs	√	2
aoimpos	s	1
idopara	o	1
r√°depo	i	1
rtidopa	r	1
esteves	!	1
esteves	v	1
esteves	s	1
partido	p	1
icopart	i	1
iberta√	ß	2
rticopa	r	1
≥rticop	a	1
esverso	s	2
stesver	s	2
a√ß√£oa	o	1
destesv	e	1
toremex	i	1
zoito,d	e	1
dadeste	s	1
acenou-	m	1
moderno	‚	1
idadest	e	1
econsol	a	1
pidades	t	1
°pidade	s	1
ar√°pid	a	1
ivoecom	p	1
anteemq	u	1
iar√°pi	d	1
oqu√™‚Ä	î	1
grafiar	√	1
igrafia	r	1
daumosa	n	1
ligrafi	a	1
ubarame	n	1
caligra	f	1
uenunca	s	1
oseasch	a	1
quenunc	a	1
oquenun	c	1
doquenu	n	1
adoquen	u	1
afazerd	e	1
radoque	n	1
uradoqu	e	1
aram√°s	c	1
guradoq	u	1
anelaev	e	1
rgurado	q	1
mademim	.	1
snemama	s	1
argurad	o	1
nobreao	m	1
aamargu	r	1
cadaama	r	1
icadaam	a	1
osficad	a	1
nosfica	d	1
aomenos	n	1
aomenos	c	1
aomenos	f	1
saomeno	s	2
asaomen	o	2
masaome	n	2
oavida.	)	1
ega,con	c	1
tolargo	c	1
adoavid	a	1
itadoav	i	1
eitadoa	v	1
deitado	a	1
ilcomoa	o	1
odeitad	o	1
letatam	b	1
hodeita	d	1
evesvol	t	1
nhodeit	a	1
fiar√°p	i	1
enhodei	t	1
tenhode	i	1
comoten	h	1
nteemci	m	1
,comote	n	1
h√£o,co	m	1
ch√£o,c	o	1
och√£o,	c	1
aoch√£o	,	1
deixar√	°	1
raoch√£	o	1
paraoch	√	1
sso,sej	a	1
otudopa	r	1
eitotud	o	1
sdeoutr	o	1
deestan	h	1
araoch√	£	1
sdeesta	n	1
econstr	u	1
lhasdee	s	1
joseasc	h	1
olhasde	e	1
folhasd	e	1
defolha	s	1
diafaze	r	1
√©defol	h	1
e√©defo	l	1
ue√©def	o	1
aecolor	i	1
que√©de	f	1
,que√©d	e	1
docoisa	s	1
a,que√©	d	1
-para-s	i	1
nio?nes	t	1
ando-se	e	1
©nio?ne	s	1
enuncas	e	1
√≥miosh	√	1
g√©nio?	n	1
raintei	r	1
vertant	o	1
lhaquea	s	1
idadena	s	1
en√£opo	d	1
saquen√	£	1
motenho	d	1
sosiste	m	1
coisaqu	e	2
dadeque	d	1
mexidam	e	1
belosbr	a	1
smacois	a	1
ensamse	r	1
aen√£od	e	1
realeal	d	1
osquepe	n	1
porn√£o	s	1
possoqu	e	1
antosqu	e	1
tantosq	u	1
tec√©le	b	1
initonu	m	1
tacoisa	!	1
tilcomo	a	1
existem	,	1
domaisq	u	1
hadamin	h	1
doomund	o	1
rdemimn	√	1
antacoi	s	1
paratr√	°	1
tantaco	i	1
deixare	i	1
mpossiv	e	2
oencont	r	1
sertant	a	1
raoimpo	s	1
uepensa	m	1
ica√©um	a	1
pensose	r	1
o?maspe	n	1
osolrea	l	1
oisso,s	e	1
penso?m	a	1
fundot√	£	1
ß√£oaod	e	1
oquepen	s	1
forames	c	1
stoquev	e	1
am√°sca	r	2
oquesou	?	1
t√°most	o	1
eaomeno	s	1
,imposs	i	2
tornand	o	1
etantas	c	1
ganosro	u	1
eznunca	v	1
enhasev	i	1
entroda	m	1
ueoquen	a	1
euquen√	£	1
sensiti	v	1
ei,euqu	e	1
otivess	e	1
n√≥quen	√	1
≥rian√£	o	1
ndoquen	i	1
porquem	n	1
quesere	i	1
chouees	q	1
onaresc	r	1
queeufi	z	1
doquene	n	1
undosen	√	1
mpreoqu	e	2
mpres√≥	o	1
uedigoo	c	1
ztudofo	s	1
ritei-l	h	1
eseieud	o	1
oseioqu	e	1
°mostod	o	1
scaraed	o	1
hojediv	i	1
,oun√£o	v	1
lianada	.	1
√©mexis	t	1
a.emque	h	1
ornando	-	1
pudesse	e	1
vezfoss	e	1
o,comot	u	1
o,comot	e	1
ra.emqu	e	1
tagiran	t	1
ossenad	a	1
osseviv	a	1
lheabri	s	1
ira.emq	u	1
eira.em	q	1
mtodoso	s	2
sicanom	u	1
eder,co	n	1
prata,q	u	1
mc√£oto	l	1
l,asuac	h	1
dedespe	j	1
acadeir	a	3
tudo√©s	o	1
el√∫cid	a	2
el√∫cid	o	1
o-menum	a	1
olhou-o	c	1
enti,ep	e	1
epenso?	m	1
√£oconc	e	1
a,sento	-	1
rque√©p	o	1
mosandr	a	1
ezoito,	d	1
aiodaja	n	1
igual√†	o	1
janela,	s	1
ian√£om	a	1
oreiono	c	1
dasen√£	o	1
eaeoind	e	1
ual√†ou	t	1
sasemca	m	1
anelada	s	1
seiqu√™	m	1
ioqueso	u	1
stavape	g	1
oconqui	s	1
otadael	o	1
enteera	i	1
mapared	e	1
agentee	r	1
viagent	e	1
rartaba	c	1
trar-te	c	1
aviagen	t	1
£opodeh	a	1
ohaviag	e	1
er√°sen	√	1
andohav	i	1
quandoh	a	1
s!,eoun	i	1
meadeus	g	1
°rvores	,	1
oeraen√	£	1
√°rvore	s	1
s-para-	s	1
reis√≥e	r	1
penteem	c	1
nefasta	,	1
iodajan	e	1
ntreis√	≥	1
msabequ	e	1
estahis	t	1
ontreis	√	1
emquem√	©	1
nvencid	o	1
sseios,	v	1
memmim‚	Ä	1
deito-m	e	1
°encont	r	1
√°encon	t	1
o,levan	t	1
araumar	u	1
spedida	,	1
ntescre	v	1
l√°enco	n	1
√≥sitos	.	1
coisat√	£	1
mesmaco	i	1
doissos	e	1
o√©sonh	o	1
√≥porn√	£	1
amseram	e	1
ueningu	√	1
andespr	o	1
tasconq	u	1
randesp	r	1
tamb√©m	.	1
tamb√©m	,	1
tamb√©m	e	1
comgran	d	1
pocomgr	a	1
pensoue	a	1
fiasems	e	1
©aocamp	o	1
omotenh	o	1
ofizpro	p	1
ueumb√™	b	1
stouhoj	e	4
omoumta	p	1
screveu	.	1
√©aocam	p	1
at√©aoc	a	1
eserei,	e	1
roquepe	n	1
saiodaj	a	1
iat√©ao	c	1
aligraf	i	1
n√£oest	√	1
n√£oest	r	1
filhada	m	1
sdacasa	,	1
armaldi	s	1
crev√™-	l	1
oumenos	c	1
odiafaz	e	1
tadoavi	d	1
seirasd	a	1
estelad	o	1
roamimm	e	1
vantamo	-	1
ueoscig	a	1
a√≠mosd	e	1
is√≥erv	a	1
s√©culo	d	1
asfutur	a	1
raseira	s	1
aconseq	u	1
mosesou	b	1
estidos	q	1
dastras	e	1
adestes	v	1
equedev	o	1
ajanela	,	1
ajanela	d	1
lcomoao	u	1
sonhaqu	e	1
idelape	l	1
delados	m	1
nciamus	i	1
stemaso	l	1
sroubar	a	1
scidela	p	1
lhou-oc	o	1
,quen√£	o	2
mederam	,	1
uetudo√	©	1
quesecr	u	1
asaspir	a	1
zasobre	a	1
ssemapo	r	1
da,torn	a	1
tosquep	e	1
msaiuda	t	1
emrol,p	r	1
sol,asu	a	1
iradasc	a	1
issosem	f	1
mquemed	e	1
ofossen	a	1
antarda	c	1
emqueme	d	1
ndizage	m	1
groamim	m	1
ja,come	!	1
rendiza	g	1
c√£esqu	e	1
utiverq	u	1
astrase	i	1
onociga	r	1
iodasco	i	1
ssenada	.	1
cassese	m	1
umacade	i	1
podiafa	z	1
janelad	a	1
estemom	e	1
rf√≠cie	,	1
abuleta	s	1
abuleta	t	1
abuleta	,	2
fossena	d	1
eaconfe	i	1
dofosse	n	1
omocois	a	3
-o:√©oe	s	1
estolar	g	1
itotudo	p	1
lveztud	o	1
oisdece	r	1
l,certa	,	1
odecurs	o	1
leirade	c	1
talvezt	e	1
talvezt	u	1
tesvers	o	2
macadei	r	1
m,talve	z	1
uetinha	q	1
,contin	u	1
hum,tal	v	1
udoques	e	1
lnemesp	e	1
nhum,ta	l	1
enhum,t	a	1
buleta,	e	1
osbranc	o	1
≥sitone	n	1
emcamis	a	1
p√≥sito	s	1
p√≥sito	n	1
dizagem	q	1
zprop√≥	s	1
peitohi	p	1
oconced	e	1
fizprop	√	1
riodofu	n	1
obreene	f	1
oisaque	e	1
oisaque	n	1
verdade	c	1
verdade	i	1
verdade	.	1
-mesemi	d	1
ceder,c	o	1
omovers	o	1
eios,ve	j	1
n√£ofiz	p	1
realiz√	°	1
esmosso	n	1
iasemse	g	1
queseie	u	1
vial√°c	t	1
doumcig	a	1
imaecol	o	1
mon√£of	i	1
eiemtud	o	1
endocoi	s	1
adeira.	v	1
adeira.	e	1
quen√£o	e	1
quen√£o	h	1
quen√£o	n	1
quen√£o	m	1
quen√£o	t	2
quen√£o	p	1
quen√£o	s	2
alheiem	t	1
valiana	d	1
uhojel√	∫	1
pordent	r	1
nestemo	m	1
estoque	v	1
a(meten	d	1
dosnoss	o	1
lporden	t	1
voecomp	e	1
ito,dec	o	1
,comose	e	1
,comose	s	1
alporde	n	1
√£opode	h	1
onho,co	m	1
todacab	e	1
√©sonho	,	1
nou-mea	d	1
©lebred	o	1
quetudo	i	1
quetudo	√	1
odequet	u	1
dohavia	g	1
dehaver	t	1
√ß√£ode	t	2
√ß√£ode	q	1
onodata	b	3
eu,quen	√	1
aencont	r	1
esaltas	e	1
r√°faze	n	1
nsa√ß√£	o	1
™nciamu	s	1
odascoi	s	2
omqueco	m	1
ensa√ß√	£	1
n√£o-ma	n	1
nso:tal	v	1
porfora	,	1
gou√†po	r	2
alporfo	r	1
lc√©reb	r	1
io,euma	p	1
demimoq	u	1
oisarea	l	2
dot√£oc	e	1
coisare	a	2
gritei-	l	1
o,comoc	o	1
ebredot	e	1
lporfor	a	1
araz√£o	.	1
,comoco	i	2
a,comoc	o	1
lheiemt	u	1
tapetee	m	1
√≥rtico	p	1
eele√©o	p	1
odososp	e	2
odarua,	c	1
oladoda	r	1
roladod	a	1
iaroman	a	1
trolado	d	1
eadeus√	≥	1
jas,sep	o	1
contrei	s	1
rar-tec	o	1
outrola	d	1
aquesou	,	1
ogestol	a	1
ooutrol	a	1
teza,so	u	1
tabulet	a	4
uen√£on	a	1
hagasea	m	1
eeraigu	a	1
culodez	o	1
ualidad	e	1
sensa√ß	√	1
adooutr	o	1
ficadaa	m	1
falheie	m	1
e√ßo-o:	√	1
que√©po	s	1
reacabe	√	1
riadoou	t	1
lealdad	e	1
irasdac	a	1
uncaviv	e	1
maruacr	u	1
entreal	e	1
scepara	o	1
tesvivo	s	1
redesem	p	1
numacap	o	1
elfazer	a	1
doentre	a	1
didoent	r	1
al√†out	r	1
£otives	s	1
comaish	u	1
ididoen	t	1
odehave	r	1
brossec	o	1
antasco	n	1
ividido	e	1
omarcar	√	1
udopara	o	1
eieudoq	u	1
√£odequ	e	1
asaeele	√	1
squeceu	.	1
eteemqu	e	1
eladoda	r	1
√°aruao	n	1
en√£oti	n	1
en√£oti	v	1
-si-mes	m	1
ml√°gri	m	1
enosfic	a	1
ueesque	c	1
invejes	√	1
ospensa	m	2
dequede	v	1
achouee	s	1
-meen√©	r	1
n√£o,ne	m	2
le√£ofe	z	1
eachoue	e	1
odajane	l	1
etudope	l	1
√ß√µesa	l	1
sarealp	o	2
sempreu	m	2
onhog√©	n	1
oueacho	u	1
ofundot	√	1
abelosb	r	1
,certa,	d	1
ntil√≠s	s	1
zsereis	e	1
squeaco	n	1
nsoueac	h	1
ensouea	c	1
agirant	e	1
eque√©r	a	1
napole√	£	1
oseml√°	g	1
mpensou	e	1
emedera	m	1
√≥siton	e	1
ess√≠ve	l	1
certeza	,	1
certeza	s	1
spejado	.	1
olates,	p	1
otapr√≥	p	1
xocomoq	u	1
u√†jane	l	1
exocomo	q	1
vezsere	i	1
levanto	-	1
£o,como	t	1
perplex	o	1
mcapach	o	1
op√©deu	m	1
porumin	s	1
entroun	a	1
≠acosda	s	1
aseamen	t	1
inteira	,	1
amen√£o	v	1
eperple	x	1
uumcapa	c	1
jeperpl	e	1
pirarqu	e	1
ojeperp	l	1
esconfo	r	2
podehav	e	1
repente	e	1
paraoco	n	1
aseiras	d	1
ldosmeu	s	1
estirod	o	1
√°,quem	s	1
deossos	n	1
ocomoum	a	1
Äpartei	s	1
vessema	i	1
oconsol	a	1
asuachu	v	1
otenhod	e	1
rdeosso	s	1
vase√°r	v	1
memsaiu	d	1
c√©rebr	o	1
ves!,eo	u	1
eviaoes	p	1
elapela	j	1
erdeoss	o	1
suja,co	m	1
oueesqu	e	1
rangerd	e	1
mranger	d	1
voseumr	a	1
mocomou	m	1
sempre,	o	1
ervoseu	m	1
porgent	e	1
igoocon	t	1
nervose	u	1
snervos	e	1
p√≥rtic	o	1
nto-men	u	1
isosist	e	1
eusnerv	o	1
luzdoso	l	1
alveztu	d	1
acapoei	r	1
smeusne	r	1
epassam	,	1
st√≥ria	p	1
st√≥ria	n	1
ß√£odet	o	2
osmeusn	e	1
√£opara	q	1
omundoa	n	1
dosmeus	v	1
dosmeus	n	1
≠velcai	d	1
o-mansa	r	1
eladosm	e	1
oisto,l	e	1
erestes	v	1
xistese	p	1
oentrea	l	1
didelad	o	1
omon√£o	f	1
nhasexi	s	1
nobrese	l	2
morrer√	°	4
udidela	d	1
cudidel	a	1
efeliz.	)	1
uandoqu	i	1
acudide	l	1
©defolh	a	1
sereali	z	1
sublime	.	1
tenobre	e	1
asacudi	d	1
enso?ma	s	1
masacud	i	1
cabe√ßa	a	1
cabe√ßa	m	1
cabe√ßa	,	1
ososman	i	1
abe√ßam	a	1
meachao	c	1
rodamin	h	1
rdentro	.	1
trodami	n	1
amalvol	t	1
ficasse	s	1
apertad	o	1
dedentr	o	1
sinvoca	m	1
zagemqu	e	1
daapita	d	1
conhece	r	1
horag√©	n	1
tidaapi	t	1
£odeque	t	1
econceb	e	1
artidaa	p	1
anelasd	o	1
partida	a	1
apartid	a	1
emoutro	s	1
smilh√µ	e	1
desecab	e	1
eumapar	e	1
eumapar	t	1
dadecom	q	1
dadecom	a	1
er√°ata	b	1
squepen	s	1
ntascon	q	1
†porta.	)	1
o,eumap	a	1
tudofos	s	1
idaapit	a	1
oio,eum	a	1
ernadad	i	1
sen√£o-	m	1
fronted	a	2
est√£on	e	1
maparti	d	1
alcando	a	1
ementep	o	1
lemorre	r	1
ertanta	c	1
mcomboi	o	1
lucosco	m	1
assou,e	t	1
semquem	√	1
nduzira	c	1
asn√£oe	n	1
ososver	s	1
bacaria	s	1
bacaria	(	2
bacaria	c	2
bacaria	d	2
doistos	e	1
edrased	o	1
ecolori	d	1
eumcomb	o	1
√†outra	.	1
dosmalu	c	1
agensde	u	1
,eosver	s	1
prezose	m	1
comquec	o	1
arua,co	m	1
ainteir	a	1
arruage	n	1
ouhojep	e	1
preisto	o	1
sprop√≥	s	1
ecarrua	g	1
lmenten	o	1
decarru	a	1
sigoofu	m	1
er√°eeu	m	1
tidoape	n	1
r√°,que	m	1
escreve	r	2
escreve	u	1
prendiz	a	1
s√≠vela	t	1
at√©cri	,	1
temasol	a	1
bequem√	©	1
omomist	√	1
dezabso	l	1
ainaces	s	1
icoemca	s	1
areavia	l	1
alvolta	d	1
estacas	a	1
elmente	n	1
elmente	r	1
£ocreio	e	1
nooeste	v	1
ofiloso	f	1
estives	s	1
badotro	p	1
ampocom	g	1
oquempe	n	1
√£oposs	o	1
,sepode	i	1
nios-pa	r	1
ntr√°ri	o	1
amentos	.	1
amentos	,	1
omodest	i	1
aaop√©d	e	1
rd√°mos	e	1
ancosno	s	1
boio,eu	m	1
ssosnai	d	1
sepodei	n	1
iodeuma	r	1
uncaver	√	1
stinoac	o	1
-mepara	t	1
osnaida	.	1
dosospe	n	2
brancos	n	1
√°maism	e	1
ruiu-se	-	1
sseconc	e	1
atodoso	s	1
iracarr	o	1
oporque	m	1
entealt	a	1
inhatir	a	1
moquemp	e	1
rvase√°	r	1
sempreo	u	1
sempreo	m	1
sempreo	i	1
sempreo	q	2
ossoque	r	1
umidade	n	1
tudopel	a	1
rnando-	s	1
endoumc	i	1
cess√≠v	e	1
caraedo	r	1
tidopar	a	1
concebe	m	1
bobemoq	u	1
oacondu	z	1
edormin	o	1
nacess√	≠	1
soquere	r	1
mmesmoe	n	1
£oouvid	o	1
uempens	o	1
elatodo	s	1
epensar	?	1
aruaina	c	1
hoemmim	t	1
modesco	n	2
comomis	t	1
dopelag	e	1
uzadaco	n	1
araisso	;	1
eistoou	s	1
ronteda	o	1
ronteda	t	1
ro√ßade	t	1
afiar√°	p	1
√©rebro	s	1
equando	h	1
redesec	a	1
adenada	.	1
daminha	l	1
daminha	c	1
dentrod	a	1
eal,cer	t	1
liberta	√	2
entepor	g	1
ropapel	d	1
omboio,	e	1
nuncase	r	2
usublim	e	1
aspenso	s	1
inspira	r	1
snogest	o	1
ssivelm	e	2
um,talv	e	1
strasei	r	1
e√†sens	a	1
se√°rvo	r	1
cidamen	t	1
steveat	a	1
n√£ocho	c	1
rtodaal	m	1
temente	p	1
umadesp	e	1
ria(met	e	1
antemen	t	1
esprop√	≥	1
asdomun	d	1
°tantos	q	1
serames	m	1
emsonha	q	1
jedivid	i	1
comouma	r	1
comouma	c	1
osesoub	e	1
impossi	v	2
√ßamalv	o	1
udofoss	e	1
comoque	m	1
temasqu	a	1
vier,ou	t	1
ntacois	a	1
tudopar	a	1
obresel	√	2
ta,eeud	e	1
o,comos	e	2
senobre	s	2
dodarua	,	1
smaluco	s	1
uacruza	d	1
isparao	m	1
genteer	a	1
rruagen	s	1
umaruac	r	1
adaamar	g	1
n√£opos	s	1
ehavert	a	1
seaverd	a	1
arotapr	√	1
√£o,com	o	1
uemeder	a	1
eumarua	c	1
p√©saco	n	1
deconqu	i	1
pidocom	o	1
√©alhei	o	1
seviven	d	1
adaelon	g	1
sounada	.	1
tinomoc	o	1
absolut	a	1
amargur	a	1
adecarr	u	1
janelas	d	1
odesmen	t	1
p√¥rhum	i	1
√≠velca	i	1
riodeum	a	1
nando-s	e	1
todasas	e	1
igoofum	o	1
mimn√£o	o	1
√°sen√£	o	1
iadoout	r	1
l√∫cida	s	2
chocola	t	4
isaquee	u	1
desconh	e	1
een√©rg	i	1
ue√©pos	s	1
st√©rio	d	4
oisaoun	e	1
bememso	n	1
ist√©ri	o	4
adequea	m	1
uist√°-	l	1
ibeirad	a	1
araomis	t	1
vejoosc	√	1
vejoosc	a	1
daconst	a	1
ß√£o√©u	m	1
consola	s	2
me,pequ	e	1
quevir,	o	1
ou-seev	i	1
humidad	e	1
£oaodeg	r	1
adomais	q	1
hadomai	s	1
tesdeou	t	1
inhacab	e	1
atabule	t	3
aedormi	n	1
ecruzam	,	1
paraomi	s	1
£ofizpr	o	1
ejoarua	c	1
a,ovent	o	1
al,cert	a	1
mechoco	l	2
rchocol	a	1
ueaconf	e	1
tabacar	i	7
osh√°do	i	1
aberiam	?	1
quesabe	r	1
reoimpo	s	1
sreligi	√	1
etaf√≠s	i	3
parauma	r	1
menteal	t	1
antasma	n	1
sefeliz	.	1
empreou	t	1
oensina	m	1
assecom	a	1
rrer√°d	e	1
sa√ß√£o	d	1
velment	e	2
tanteme	n	1
≠ssimae	c	1
ivelmen	t	2
em√©,oq	u	1
,praode	c	1
√°pidad	e	1
oun√£ov	e	1
,oquesa	b	1
s√≠velf	a	1
rdadeco	m	1
samsera	m	1
dasn√£o	e	1
headeus	√	1
m√©,oqu	e	1
ecidame	n	1
denosle	v	1
udoisso	s	1
udoisso	,	1
rteap√¥	r	1
,tenhoe	m	1
querers	e	1
haviage	n	1
quemn√£	o	1
xodaspe	d	1
onstant	e	1
adosmeu	s	1
n√£osei	q	1
n√£osei	o	1
sabe?,n	e	1
caver√£	o	1
£ovenha	.	1
fossevi	v	1
estrela	s	1
cora√ß√	£	1
poss√≠v	e	3
comboio	,	1
uen√£oh	√	1
omoseso	u	1
veztudo	f	1
reiemev	i	1
oucocot	e	1
a,desco	n	1
ooestev	e	1
istomep	e	1
tes,peq	u	1
alealda	d	1
£otoler	a	1
ga,conc	e	1
totudop	a	1
numacad	e	1
eabriss	e	1
a√©umac	o	1
es√≥por	n	1
quepode	c	1
conduzi	r	1
econqui	s	1
omundos	e	1
quartod	e	1
oquesab	e	1
rasdaca	s	1
isat√£o	i	1
gerdeos	s	1
o?neste	m	1
so,tenh	o	1
conheci	d	1
£osouna	d	1
grandes	p	1
asenobr	e	2
uesaber	i	1
ezabsol	u	1
sbranco	s	1
losofia	s	1
uandoha	v	1
esecabe	l	1
omechoc	o	2
ratr√°s	n	1
caria(p	a	1
?nestem	o	1
st√°mos	t	1
ntement	e	1
meusner	v	1
rta,des	c	1
u-seevi	u	1
semmeta	f	1
nelasdo	m	1
√£ofizp	r	1
√£oaode	g	1
efor,qu	e	1
en√£oum	a	1
ntosque	p	1
enhonen	h	1
osdomun	d	1
odeinsp	i	1
rsernad	a	1
omist√©	r	3
ossecon	c	1
erta,de	s	1
azerdem	i	1
memnada	.	1
hatirad	o	1
haqueas	r	1
arteiss	o	1
eporiss	o	1
osonhad	o	1
erserna	d	1
√≠ciaro	m	1
√Äparte	i	1
mamorte	a	1
mpreomi	s	1
aeestel	a	1
tenhoem	m	1
cariado	o	1
≠mosdec	a	1
to,leva	n	1
nsosert	a	1
osentes	v	1
ujaques	o	1
opossoq	u	1
abesere	a	1
demist√	©	1
nfinito	n	1
seeviu-	m	1
hei-dep	e	1
tedaout	r	1
©sonho,	c	1
©alheio	,	1
rteisso	,	1
ousempr	e	1
eal,imp	o	1
tenhoap	e	1
£oposso	q	1
cruzada	c	1
conaalg	i	1
queseja	s	1
nhumace	r	1
dossere	s	1
to-menu	m	1
oseumra	n	1
tapr√≥p	r	1
detudop	e	1
pelajan	e	1
enterea	l	1
sereina	d	1
cosnosh	o	1
eh√°tan	t	1
n√£oten	h	1
o,tenho	e	1
tavapeg	a	1
mist√©r	i	4
oemmimt	o	1
†portae	f	1
maisirm	a	1
umasacu	d	1
omooson	o	1
mmimtod	o	1
rminove	s	1
ndo-see	s	1
essemai	s	1
£ochoco	l	1
lasdome	u	1
eisso,t	e	1
estesve	r	2
rtaaop√	©	1
detrova	d	1
u,queco	n	1
minhaca	b	1
o-o:√©o	e	1
racoisa	o	1
rafiar√	°	1
ta,desc	o	1
quesou,	s	1
ehei-de	p	1
izprop√	≥	1
r√°eeum	o	1
smeusve	r	1
ivi,est	u	1
esseave	r	1
,euquen	√	1
eaverda	d	1
-mansar	d	1
vistois	t	1
epodiaf	a	1
teisso,	t	1
scoisas	,	1
scoisas	p	1
eixarei	v	1
√©,oque	s	1
heceram	-	1
ouhojed	i	1
aocampo	c	1
aodecur	s	1
adastra	s	1
iaoespe	l	1
u√™mode	r	1
omeuqua	r	2
lmenter	e	1
bsoluta	.	1
eoresto	q	1
sen√£ou	m	1
emorrer	√	1
domeuqu	a	2
uehei-d	e	1
eestarm	a	1
aconduz	i	1
deirame	n	1
teeraig	u	1
en√©rgi	c	1
descide	l	1
comamor	t	1
ntesden	o	1
todosos	m	1
todosos	p	2
todosos	s	1
isanemo	u	1
soserta	n	1
ojevenc	i	1
vivendo	p	1
do√©son	h	1
ipot√©t	i	1
aminhac	a	1
Ätabaca	r	1
uncaser	e	2
sim,ver	d	1
uhojeve	n	1
noacond	u	1
rotapr√	≥	1
ssonhos	d	1
sparede	s	1
sernada	.	1
acariad	e	1
acariad	o	1
emtodos	o	1
ei-depe	n	1
ossivel	m	2
semaisi	r	1
tasmans	a	1
aispara	o	1
umdosmi	l	1
ngu√©ms	a	1
n√£ocon	c	1
igi√µes	t	1
comocoi	s	3
mb√™bad	o	1
h√µesdo	m	1
ileirad	e	1
contr√°	r	1
vididoe	n	1
eplaus√	≠	1
studass	e	1
morteap	√	1
uminsti	n	1
iemtudo	.	1
fuiat√©	a	1
rersern	a	1
amesmac	o	1
omoumla	g	1
oisto√©	e	1
ocoisar	e	2
isso,te	n	1
£onasce	u	1
baixode	c	1
daispar	a	1
adadena	d	1
laestra	d	1
hacabe√	ß	1
osmilh√	µ	1
lnemach	a	1
rtantos	!	1
√©rioda	s	2
entil√≠	s	1
uantasm	a	1
†janela	.	1
†janela	e	1
n√£osou	b	1
n√£osou	n	1
mesp√≠r	i	2
uepodec	o	1
quefor,	q	1
soueach	o	1
alvezse	r	1
leta,ee	u	1
dajanel	a	1
√©riode	u	1
eramesm	a	1
onhosdo	m	1
evier,o	u	1
o-medac	a	1
sasporb	a	1
aestrad	a	1
aop√©de	u	1
iadedef	r	1
rbaixod	e	1
rbaixod	a	1
eitaria	.	1
omundoq	u	1
ndo√©pa	r	1
seroque	p	1
adenasp	a	1
aprendi	z	1
rexisti	n	1
rop√≥si	t	2
asaeest	e	1
comodes	c	2
comodes	t	1
breenef	a	1
doparao	i	1
doparao	c	1
erplexo	c	1
spedras	e	1
besseav	e	1
aus√≠ve	l	1
enumaca	d	1
oqueesp	e	1
eestanh	o	1
empenso	u	1
denaspa	r	1
entenob	r	1
aconsta	n	1
umcombo	i	1
zadacon	s	1
inhaenv	e	1
comasco	i	1
£oficas	s	1
tardaca	m	1
uererse	r	1
√°eeumo	r	1
pira√ß√	µ	1
noscons	a	1
separam	o	1
oqueser	e	1
seestac	a	1
aldosme	u	1
canomun	d	1
stradad	e	1
r√£oouv	i	1
tendotr	o	1
dispost	o	1
odaalma	m	1
nsdeumc	o	1
lavadei	r	1
£oh√°ma	i	1
umcapac	h	1
enaspar	e	1
ereal,c	e	1
oisadef	r	1
sficada	a	1
aliz√°v	e	1
adacons	t	1
paraoim	p	1
cidelap	e	1
sti√°ri	o	1
mn√£oer	a	1
agemque	m	1
soconso	l	1
saberia	m	1
eitofil	o	1
sacomog	e	1
cebidac	o	1
sl√°enc	o	1
uhojepe	r	1
alidade	p	1
alidade	d	1
alidade	s	1
plexoco	m	1
trealea	l	1
ixar√°a	t	1
ruainac	e	1
nummome	n	1
ncaver√	£	1
chego√†	j	1
medetan	t	1
oubesse	a	1
oubesse	m	1
ic√≥mio	s	1
sdomeuq	u	1
quevenh	a	1
aiudata	b	1
quepens	a	1
quepens	o	1
to-mepa	r	1
ramesma	c	1
oconaal	g	1
emasqua	l	1
ousubli	m	1
andadec	o	1
ascal√ß	a	1
aiderep	e	1
osounad	a	1
meuquar	t	2
ubessea	v	1
°atabul	e	2
aquefos	s	1
dascois	a	2
oosente	s	1
aredese	m	1
aredese	c	1
usempre	o	1
√£o,nem	e	2
ngerdeo	s	1
tohipot	√	1
semidea	l	1
mandade	c	1
n√£oens	i	1
ojedivi	d	1
euquart	o	2
opodeha	v	1
snemest	u	1
uquarto	d	1
uquarto	,	1
a√ß√£o√	©	1
gual√†o	u	1
√≠velat	o	1
alvezfo	s	1
hojeven	c	1
uartode	u	1
cimadem	i	1
maruain	a	1
sdecasa	e	1
rtodeum	d	1
eumrang	e	1
omamort	e	1
maismet	a	1
aalmama	l	1
quistir	a	1
dososso	n	1
deumaru	a	1
©,oques	a	1
acord√°	m	1
spensam	e	2
ta,que√	©	1
cabelos	b	1
onquist	√	2
onquist	a	2
√£ocert	o	1
girante	e	1
undo√©p	a	1
iudatab	a	1
araedor	m	1
rvoseum	r	1
saeeste	l	1
ncontre	i	1
,vejoos	c	1
,vejoos	p	1
o,sejao	q	1
snoshom	e	1
dida,to	r	1
uem√©,o	q	1
°moseel	e	1
milh√µe	s	1
reioemm	i	1
lh√µesd	o	1
uecomes	!	1
despedi	d	1
omgrand	e	1
ismetaf	√	1
ladodar	u	2
t√≥rian	√	1
aocabel	o	1
mim?n√£	o	1
ssemque	m	1
u√©msab	e	1
s,peque	n	1
sporbai	x	1
racarro	√	1
enoslev	a	1
undoque	n	1
trossat	√	1
µesdomu	n	1
stosede	u	1
esdomun	d	1
odeumar	u	1
mundoqu	e	1
ruzadac	o	1
avestir	o	1
oinveje	s	1
ramorre	r	3
turezas	o	1
ria(par	a	1
gemquem	e	1
oamimme	s	1
antouac	a	1
comosee	s	1
eoquen√	£	1
a√ß√£od	e	3
elt√£oe	s	1
t√°tuaq	u	1
uainace	s	1
oquenin	g	1
artodeu	m	1
raumaru	a	1
pelaest	r	1
eenefas	t	1
ocampoc	o	1
equetud	o	1
osertan	t	1
vocames	p	2
achaoca	b	1
ncasere	i	2
tradade	n	1
tudasse	s	1
daelong	√	1
preoque	e	1
preoque	n	1
menosce	r	1
radasca	l	1
scomame	s	1
isaquen	√	1
osmanic	√	1
ervase√	°	1
pachoqu	e	1
ningu√©	m	1
,sento-	m	1
pedrase	d	1
n√∫tilc	o	1
i,estud	e	1
osmaluc	o	1
doavida	.	1
mpre,od	a	1
omascoi	s	1
real,im	p	1
(esesou	b	1
√©lites	d	1
oquerer	s	1
evestie	r	1
quistas	f	1
etagira	n	1
osconsa	g	1
ndadeco	m	1
gu√©msa	b	1
aisqueo	q	1
eumdosm	i	1
udopela	e	1
kantesc	r	1
nteerai	g	1
sconhec	i	1
itonenh	u	1
©msabeq	u	1
-depens	a	1
casaees	t	1
ventoqu	e	1
ossonho	s	1
nsareme	s	1
r√°pida	d	1
irmanda	d	1
tasaspi	r	1
rquemn√	£	1
nela,se	n	1
ßo-o:√©	o	1
odestin	o	2
vosvest	i	1
gensdeu	m	1
sossonh	o	1
adeusgr	i	1
co,conv	e	1
nstante	m	1
√©nios-	p	1
abequem	√	1
erta√ß√	£	2
stacasa	e	1
raquemn	a	1
rarquei	n	1
esesoub	e	1
cortamo	r	1
aver√°s	e	1
imtodos	o	1
nteporg	e	1
umrange	r	1
‚Äîn√£o	c	1
essemqu	e	1
ouhojel	√	1
jevenci	d	1
leradop	e	1
tiverqu	e	1
omoumc√	£	1
√Ätabac	a	1
soubess	e	2
alavade	i	1
√ßaarde	n	1
ritosin	v	2
cadeira	.	2
esconhe	c	1
sceupar	a	1
ase√°rv	o	1
idelado	s	1
antigad	o	1
moumc√£	o	1
outiver	q	1
midealn	e	1
nhecida	m	1
©rebros	s	1
fumando	.	2
asdomeu	q	1
hecidam	e	1
dosmilh	√	1
ocomode	s	1
er√£oal	u	1
ocolate	s	4
erdadec	o	1
epensam	s	1
tasenob	r	2
dopelae	s	1
stodasn	√	1
odivino	o	1
,nummom	e	1
i,euque	n	1
uhojedi	v	1
lvezfos	s	1
emeacha	o	1
svoltou	-	1
hasdees	t	1
ziracar	r	1
mpocomg	r	1
serei,e	u	1
eoquena	p	1
ariasor	r	1
sitonen	h	1
inacess	√	1
idament	e	2
pensams	e	1
cavives	s	1
raomist	√	1
amentec	e	1
card√≠a	c	1
sseaver	d	1
mentece	r	1
ixodasp	e	1
nho,com	o	1
acabe√ß	a	3
ntereal	,	1
enoscer	t	1
momist√	©	1
coemcas	a	1
maisosi	s	1
comon√£	o	1
©riodas	u	1
©riodas	c	1
nodemis	t	1
caserei	n	1
°snacad	e	1
aismeta	f	1
coisasp	o	1
modesti	n	1
ososson	h	1
,descon	h	1
erinofe	n	1
mentere	a	1
velatod	o	1
seioque	s	1
isaspor	b	1
osemque	d	1
,soumai	s	1
°n√£osa	b	1
sonhado	m	1
†sensa√	ß	1
ssepara	m	1
≥ervase	√	1
macoisa	n	1
macoisa	t	1
macoisa	d	1
macoisa	q	1
irodomi	n	1
haraz√£	o	1
ensdeum	c	1
itososv	e	1
sento-m	e	1
pre,oda	m	1
o,n√£oc	r	1
asporba	i	1
darua,c	o	1
porbaix	o	2
asobrea	c	1
ueeufiz	e	1
eap√¥rh	u	1
squesec	r	1
eusnump	o	1
ueseieu	d	1
quecome	s	1
daamarg	u	1
adecoma	s	1
baixoda	s	1
a.vou√†	j	1
eraigua	l	1
daspedr	a	1
pres√≥o	q	1
sesoube	s	2
uquelhe	a	1
acess√≠	v	1
eroquep	e	1
erchoco	l	1
dadisso	)	1
ealdade	q	1
ndohavi	a	1
©rabopa	r	1
omtanta	s	1
enhoape	r	1
demimn√	£	1
eavial√	°	1
campoco	m	1
melogop	o	1
esquece	u	1
osevive	n	1
vejoaru	a	1
hosdomu	n	1
ariaded	e	1
acoisaq	u	1
√°doido	s	1
√†sensa	√	1
sedosse	r	1
aisirma	n	1
quemede	r	1
ebrosse	c	1
aeficou	√	1
oquisti	r	1
equemsa	b	1
osseres	,	1
rsodasc	o	1
acruzad	a	1
eis√≥er	v	1
nogesto	l	1
oisaspo	r	1
empre,o	d	1
errame-	m	1
rua,com	o	1
.emqueh	e	1
ubessem	q	1
aquemso	n	1
restesv	e	1
fileira	d	1
istesep	o	1
uen√£op	o	1
eumasac	u	1
os,vejo	o	1
arealpo	r	2
ele√©op	a	1
√ßadetu	d	1
deira.e	m	1
teap√¥r	h	1
angerde	o	1
be?,nem	u	1
ap√¥rhu	m	1
√¥rhumi	d	1
eningu√	©	1
scomoeu	,	1
goocont	r	1
carro√ß	a	1
n√£opar	a	1
oaperta	d	1
dadenas	p	1
ua,como	c	1
samento	s	2
dacadei	r	1
abacari	a	7
nacadei	r	1
obreaom	e	1
euparai	s	1
r√°arua	o	1
hojel√∫	c	1
stantem	e	1
ocomoqu	e	1
evouesc	r	1
l√†outr	a	1
oshomen	s	1
lhecido	.	1
erei,eu	q	1
tracois	a	1
mgrande	s	1
-medaca	d	1
unataba	c	1
oisanem	o	1
naspare	d	1
emmetaf	√	1
tofilos	o	1
osin√∫t	e	1
tereal,	c	1
asdacas	a	1
aspared	e	1
nhosdom	u	1
lt√£oes	t	1
a√ß√µes	a	1
parteis	s	1
roalibe	r	1
asl√°en	c	1
porseri	n	1
edeseca	b	1
comogen	t	1
ivessem	a	1
ejas,se	p	1
raropap	e	1
√£oumad	e	1
lanetag	i	1
ealpord	e	1
secabel	o	1
olareav	i	1
lidaded	e	1
vessepa	r	1
ito-mep	a	1
esel√∫c	i	2
ozdedeu	s	1
suachuv	a	1
o√ßadet	u	1
esempor	t	1
n√£ouma	d	1
eioques	o	1
rancosn	o	1
en√£omo	r	1
incesad	e	1
omoquem	p	1
ho,como	c	1
ncosnos	h	1
haquepo	d	1
concede	r	1
rodomin	√	1
iverque	v	1
eprata,	q	1
evenhas	e	1
osnosho	m	1
eradope	l	1
l,impos	s	1
√©nio?n	e	1
osrouba	r	1
c√≥mios	h	1
-meanat	u	1
rdadeir	a	1
usnumpo	√	1
dotroco	n	1
eupenso	e	1
at√£oin	√	1
shomens	,	1
osen√£o	c	1
sdegent	e	1
poisopl	a	1
dividid	o	1
√©aterr	a	1
qualque	r	1
estinoa	c	1
mn√£oof	i	1
inoacon	d	1
onduzir	a	1
acarro√	ß	1
adetudo	p	1
onumaca	p	1
opelaes	t	1
uistasf	u	1
fortoda	a	1
fortoda	c	1
elaestr	a	1
aemquef	o	1
tecerta	,	1
tescoma	m	1
mdosmil	h	1
a,torna	n	1
derrame	-	1
t√©riod	o	1
t√©riod	a	2
t√©riod	e	1
char√£o	o	1
olhaque	a	1
olhaque	n	1
miosh√°	d	1
penso:t	a	1
tinoaco	n	1
einvoca	m	1
paredes	e	2
comoses	o	1
ncontra	r	1
ncebida	c	1
do√©par	a	1
maisque	a	1
maisque	o	1
idosque	s	1
mquem√©	,	1
h√°tant	o	1
semport	a	1
entecer	t	1
enciona	r	1
ouhojev	e	1
ajoseas	c	1
gocomqu	e	1
haver√°	s	1
e,aotir	a	1
latodos	o	1
aseupen	s	1
sonhosd	o	1
eeucasa	s	1
evencid	o	1
vencido	,	2
nteemqu	e	1
bessemq	u	1
encido,	h	1
encido,	c	1
e√°rvor	e	1
,aindaq	u	1
doquese	r	1
stivess	e	1
sejas,s	e	1
erteza,	s	1
eoutrac	o	1
√£oenco	n	1
mpodosn	o	1
cido,co	m	2
casasse	c	1
mcigarr	o	1
sacudid	e	1
uziraca	r	1
fazendo	c	1
¥rhumid	a	1
adotrop	e	1
emaisir	m	1
averdad	e	2
eporgen	t	1
apole√£	o	1
doantes	d	1
acasaee	s	1
lturamo	r	2
ensinam	m	1
eossosn	a	1
amesmav	e	1
idadepl	a	1
aserein	a	1
comafil	h	1
araocon	q	1
dosques	e	1
sonho,c	o	1
hoacada	u	1
√≠ritos	i	2
sadetro	v	1
ensamen	t	2
damente	.	1
damente	c	1
odetodo	s	1
odataba	c	3
odososs	o	1
edetant	a	1
eriam?)	,	1
ojel√∫c	i	1
ecoisas	c	1
tu,quec	o	1
edentro	d	1
massesn	e	1
heiemtu	d	1
utrolad	o	1
√∫cido,	c	1
aapitad	a	1
estahor	a	1
rrainte	i	1
endizag	e	1
∫cido,c	o	1
omosees	t	1
moseest	i	1
emeviao	e	1
i,eperd	i	1
tivesse	m	1
tivesse	p	1
indaque	n	1
indaque	t	1
queasre	l	1
estanho	,	1
ßadetud	o	1
erepent	e	1
,eumapa	r	1
eiramen	t	1
ensoser	t	1
steves!	,	1
uantood	e	1
sirmand	a	1
ivessep	a	1
sosmani	c	1
cidas‚Ä	î	2
odososm	a	1
ldadequ	e	1
osospen	s	2
n√£otiv	e	1
lajanel	a	1
msabe?,	n	1
sel√∫ci	d	2
medacad	e	1
seumran	g	1
£oumade	s	1
deumcom	b	1
rian√£o	m	1
odasn√£	o	1
do-sees	t	1
endotro	c	1
edida,t	o	1
pedida,	t	1
constan	t	1
tidezab	s	1
uen√£os	o	1
uen√£os	e	1
carruag	e	1
etudo√©	s	1
ecomode	s	1
vir,oun	√	1
ira.vou	√	1
perdi-m	e	1
©riodeu	m	1
eestela	d	1
depoisd	e	2
azernad	a	1
ssemais	i	1
ndespro	p	1
uva,ove	n	1
decomas	c	1
egozo,n	u	1
desprop	√	1
quetamb	√	1
ecomasc	o	1
quandoa	t	1
iradeca	r	1
mascois	a	1
litesde	o	1
sversos	e	1
sversos	.	1
sversos	t	1
sversos	i	1
sversos	,	1
decomqu	e	1
abe√ßaa	r	1
usol,as	u	1
espedid	a	1
inovest	i	1
l√°ctea	e	1
rtantac	o	1
orgente	,	1
ounatab	a	1
ahorag√	©	1
goofumo	c	1
itideza	b	1
sparaom	i	1
ol,asua	c	1
√≠sica√	©	1
estudei	,	1
uagensd	e	1
do,como	s	2
domundo	q	1
domundo	.	1
ida,tor	n	1
odemist	√	1
√£otive	s	1
sdomund	o	3
mimoque	n	1
zdedeus	n	1
ascoisa	s	3
rame-me	a	1
truiu-s	e	1
oseiqu√	™	1
edosser	e	1
rplexoc	o	1
-seesta	c	1
noshome	n	1
isirman	d	1
eztudof	o	1
teladod	a	1
scomtan	t	1
sdasest	r	1
-noseel	e	1
odofund	o	1
terrain	t	1
omprart	a	1
adodaru	a	2
sandraj	o	1
abe?,ne	m	1
s√≥erva	s	1
rtabaco	?	1
nsament	o	2
stolarg	o	1
hofeito	f	1
√≥ervas	e	1
sivelme	n	2
n√£oofi	z	1
oscomoe	u	1
cula√ß√	µ	1
levanta	m	1
levanta	r	1
vestiro	d	1
temomen	t	1
oventoq	u	1
preumac	o	2
etalvez	s	1
emoment	o	1
etinhaq	u	1
itofilo	s	1
otrocon	a	1
emmilc√	©	1
haquali	d	1
√≠sican	o	1
iafazer	d	1
mmilc√©	r	1
mb√©mex	i	1
milc√©r	e	1
isto,le	v	1
nenhum,	t	1
ou,etal	v	1
ilc√©re	b	1
ossat√©	l	1
udo√©so	n	1
rebross	e	1
quefoss	e	1
rosseco	n	1
eestive	s	1
n√£oven	h	1
podecon	q	1
mmetaf√	≠	1
til√≠ss	i	1
oncebem	e	1
√©niosc	o	1
real,ce	r	1
ncebeme	m	1
©umacon	s	1
ertezas	!	1
snemcre	s	1
uevenha	s	1
secruza	m	1
op√≥sit	o	2
osdases	t	1
ememson	h	1
que√©ra	b	1
memsonh	o	1
rro√ßad	e	1
emsonho	g	1
ertanto	s	1
dosolre	a	1
msonhog	√	1
eves!,e	o	1
quandoq	u	1
√∫cidas	‚	2
pole√£o	f	1
nhog√©n	i	1
°eeumor	r	1
√£ofica	s	1
haverta	n	1
lexocom	o	1
ntigado	i	1
idoentr	e	1
eacabe√	ß	1
sso,ten	h	1
g√©nios	-	1
g√©nios	c	1
omoumar	o	1
nioscom	o	1
sodonod	a	1
oupasuj	a	1
ioscomo	e	1
eahist√	≥	1
quem√©,	o	1
ahist√≥	r	2
tinhaqu	a	1
hist√≥r	i	2
ist√≥ri	a	2
ntinuof	u	1
an√£oma	r	1
n√£omar	c	1
emquedi	g	1
jaqueso	u	1
en√£oh√	°	2
√£omarc	a	1
£omarca	r	1
ealporf	o	1
araquem	s	1
araquem	n	1
emfazer	n	1
ruagens	d	1
enhoemm	i	1
rcar√°,	q	1
possive	l	2
nememmi	m	1
tecomoc	o	1
car√°,q	u	1
ar√°,qu	e	1
sagroam	i	1
°,quems	a	1
≠nguaem	q	1
i-depen	s	1
asen√£o	-	1
tivoeco	m	1
pertado	a	1
oaopens	a	1
,quemsa	b	1
uemsabe	s	1
uemsabe	?	1
oporumi	n	1
omepesa	c	1
depensa	r	1
emsabe?	,	1
rtooume	n	1
olrealn	e	1
papelde	p	1
e?,nemu	m	1
?,nemum	,	1
donodat	a	3
enharaz	√	1
eparamo	r	1
tenhofe	i	1
nuar√°f	a	1
rnadadi	s	1
tesepor	i	1
nemhave	r	1
emhaver	√	1
ncido,c	o	1
mhaver√	°	1
atr√°sn	a	1
ver√°se	n	1
mquanta	s	1
ess√™nc	i	1
esseeuc	o	1
r√°sen√	£	1
eitohip	o	1
°sen√£o	e	1
aramorr	e	1
sen√£oe	s	1
en√£oes	t	1
ensitiv	o	1
menosco	n	1
uantasa	s	1
tinhati	r	1
£oestru	m	1
istasfu	t	1
strumed	e	1
dadenad	a	1
trumede	t	1
lveznun	c	1
arquesa	d	1
umedeta	n	1
mentrou	n	1
ßotapad	o	1
rtadoao	p	1
tantasc	e	1
tantasc	o	1
igoquee	u	1
rata,qu	e	1
asconqu	i	1
o,ainda	q	1
©paraqu	e	1
conquis	t	4
£odesme	n	1
ela,sen	t	1
nquista	r	1
nquista	s	1
usnervo	s	1
stasfut	u	1
raigual	√	1
tasfutu	r	1
ueforam	e	1
sfutura	s	1
£oinvej	e	1
futuras	.	1
√≠acosd	a	1
√£o,n√£	o	1
aquepod	e	1
(porque	√	1
os√©cul	o	1
,n√£ocr	e	1
eudoque	s	1
midaden	a	1
umacapo	e	1
n√£ocre	i	1
,tornan	d	1
antasas	p	1
√£oestr	u	1
ocreioe	m	1
nenhuma	c	1
√©umaco	n	1
aportaa	o	1
creioem	m	1
peran√ß	a	1
daquen√	£	1
©aterra	i	1
uiat√©a	o	1
eioemmi	m	1
mcortam	o	1
dososma	n	1
taaltur	a	2
lagarto	r	1
lagarto	a	1
ng√≠nqu	a	1
smanic√	≥	1
anic√≥m	i	1
res√≥oq	u	1
stahist	√	1
ntecert	a	1
nic√≥mi	o	1
moconce	d	1
odaminh	a	1
≥miosh√	°	1
olatesc	o	1
iosh√°d	o	1
©niosco	m	1
essepar	a	1
sh√°doi	d	1
o-meen√	©	1
°doidos	m	1
cteaeoi	n	1
doidosm	a	1
emquehe	i	1
marcar√	°	1
oidosma	l	1
idosmal	u	1
j√°n√£o	s	1
abopara	a	1
malucos	c	1
o-seest	a	1
ooumeno	s	1
nharaz√	£	1
itohipo	t	1
ucoscom	t	1
rareali	d	1
coscomt	a	1
-menuma	c	1
o,nemem	n	1
o,nemem	m	1
saspira	√	1
nciadee	s	2
uist√°m	o	1
metaf√≠	s	3
oscomta	n	1
ndoante	s	1
qualida	d	1
comtant	a	1
aruacru	z	1
sonhog√	©	1
mtantas	c	1
vantard	a	1
er√°aru	a	1
antasce	r	1
ntascer	t	1
efolhas	d	1
n√£opod	e	1
ossonha	n	1
tascert	e	1
esvolto	u	1
ascerte	z	1
scertez	a	1
teporge	n	1
onestah	o	1
velheci	d	1
onasceu	p	1
maverda	d	1
i-lhead	e	1
uen√£ot	i	1
uen√£ot	e	1
achar√£	o	1
en√£ote	n	1
ecula√ß	√	1
√£otenh	o	1
t√£oin√	∫	1
ezasobr	e	1
spira√ß	√	1
otenhon	e	1
ilh√µes	d	1
tenhone	n	1
nhonenh	u	1
reaomen	o	1
oscard√	≠	1
honenhu	m	1
enhumac	e	1
hog√©ni	o	1
humacer	t	1
detanta	s	1
macerte	z	1
acertez	a	1
√™nciad	e	3
esnemes	t	1
rteza,s	o	1
√°tuaqu	e	1
quempen	s	1
eza,sou	m	1
quening	u	1
nsamser	a	1
huva,ov	e	1
a,souma	i	1
ntedaou	t	1
aquen√£	o	3
estouho	j	4
sereise	m	4
soumais	c	1
oumaisc	e	1
ios-par	a	1
omercho	c	1
aeele√©	a	1
maiscer	t	1
voutenc	i	1
io?nest	e	1
sabeser	e	1
al√°cte	a	1
vestido	s	1
aiscert	o	1
stahora	g	1
enou-me	a	1
iscerto	o	1
tirarop	a	1
certoou	m	1
upensoe	,	1
alnemes	p	1
tooumen	o	1
ci√™nci	a	2
umenosc	e	1
a,impos	s	1
adesdoq	u	1
noscert	o	1
enobres	e	2
oscerto	?	1
isareal	p	2
,nememm	i	1
apeldep	r	1
umapart	i	1
adesped	i	1
emmim‚Ä	¶	1
,comoum	l	1
empreoq	u	2
emquant	a	1
ido,com	o	2
quantas	a	1
quantas	m	1
u-ocomo	d	1
paramor	r	1
ntasman	s	1
asmansa	r	1
drasedo	s	1
smansar	d	1
creremm	i	1
mansard	a	3
radecar	r	1
amortea	p	1
u,quen√	£	1
ansarda	,	1
ansarda	s	2
iuavozd	e	1
tolerad	o	1
mamasse	s	1
nsardas	d	1
nsardas	e	1
avab√™b	a	1
ardasen	√	1
stodoom	u	1
ejoospa	s	1
rdasen√	£	1
lates,p	e	1
en√£o-m	a	1
eusagre	g	1
√£o-man	s	1
sardasd	o	1
undot√£	o	1
√£oseio	q	1
ueachou	e	1
rdasdom	u	1
dasdomu	n	1
saqueeu	f	1
st√£one	s	1
dasases	p	1
seieudo	q	1
√£oest√	∫	1
√£oest√	£	1
oaquemc	o	1
enhofei	t	1
oest√£o	n	1
nvejes√	≥	1
moumdes	p	1
opartid	o	1
ssoquer	e	1
≠velato	d	1
t√£ones	t	1
√£onest	a	1
£onesta	h	1
uachuva	,	1
tencion	a	1
tahorag	√	1
o√†jane	l	1
ag√©nio	s	1
anetagi	r	1
vivosve	s	1
coparti	d	1
uquen√£	o	1
os-para	-	1
onhecid	a	1
sdoquec	r	1
para-si	-	1
ir,oun√	£	1
ara-si-	m	1
tadoaop	e	1
mquecom	e	1
iadeque	a	1
a-si-me	s	1
si-mesm	o	1
,eodono	d	1
ardasdo	m	1
-mesmos	s	1
in√∫til	c	1
queinsp	i	1
mboio,e	u	1
mesmoss	o	1
smosson	h	1
rroalib	e	1
mosdeca	s	1
ores,ge	n	1
ssonhan	d	1
sonhand	o	1
aaprend	i	1
st√°-lo	,	1
eiradec	a	1
lhaquen	√	1
equeame	t	1
otiraro	p	1
ciganos	r	1
√£osere	u	1
doqueni	n	1
ntasasp	i	1
aspira√	ß	1
£o,neme	m	2
ira√ß√µ	e	1
ra√ß√µe	s	1
ß√µesal	t	1
varques	o	1
uevir,o	u	1
aosp√©s	a	1
√µesalt	a	1
,quecon	s	1
saltase	n	1
ltaseno	b	2
bresel√	∫	2
reionoc	i	1
come,pe	q	1
esejas,	s	1
on√£ofi	z	1
resel√∫	c	2
urezaso	b	1
∫cidas‚	Ä	2
im,verd	a	1
m,verda	d	1
,verdad	e	1
rdacama	;	1
erdadei	r	1
ezserei	s	1
dadeira	m	1
osp√©sa	c	1
mocoisa	q	1
mocoisa	r	2
msegred	o	1
adeiram	e	1
menosfi	c	1
udessee	u	1
irament	e	1
ariache	g	2
√©msabe	q	1
ramente	a	1
,conven	c	1
tonenhu	m	1
amentea	l	1
peldepr	a	1
itivoec	o	1
ntealta	s	1
tealtas	e	1
ealtase	n	1
struiu-	s	1
lebredo	t	1
dadesdo	q	1
idas‚Äî	,	1
comoumt	a	1
emsabes	e	1
quemsab	e	2
msabese	r	1
beserea	l	1
asdeest	a	1
esereal	i	1
ovalian	a	1
dassesn	e	1
erealiz	√	1
esqueta	m	1
ealiz√°	v	1
iz√°vei	s	1
rossist	e	1
omin√≥q	u	2
ladastr	a	1
meanatu	r	1
nuncave	r	1
√©deuma	p	1
ver√£oa	l	1
r√£oalu	z	1
√£oaluz	d	1
masolar	e	1
£oaluzd	o	1
√°mendi	g	1
elasdom	e	1
oaluzdo	s	1
√©paraq	u	1
aluzdos	o	1
isqueoq	u	1
uzdosol	r	1
aixodas	p	1
gadoinf	i	1
ooscarr	o	1
hasevie	r	1
solreal	n	1
rtaefic	o	1
menti,e	p	1
definid	o	1
lrealne	m	1
ntronad	a	1
realnem	a	1
ealnema	c	1
alnemac	h	1
nemacha	r	1
emachar	√	1
malvolt	a	1
machar√	£	1
pecula√	ß	1
ecomque	c	1
har√£oo	u	1
o√©estr	a	1
ecantou	a	1
nsinamm	a	1
mpreout	r	1
ascepar	a	1
ar√£oou	v	1
oseesti	v	1
o√©para	q	1
nitidez	a	1
√£oouvi	d	1
uepenso	?	1
oouvido	s	1
edotemp	o	1
ier,out	i	1
ouvidos	d	1
trounat	a	1
uvidosd	e	1
ard√≠ac	o	1
hojen√£	o	1
smoumde	s	1
nhumkan	t	1
seconce	b	1
vidosde	g	1
idosdeg	e	1
odomin√	≥	2
dosdege	n	1
comames	m	1
osdegen	t	1
nhaenve	l	1
degente	?	1
omundo√	©	1
mundo√©	p	1
?maspen	s	1
aigual√	†	1
hocolat	e	4
aldadeq	u	1
paraque	m	2
consci√	™	2
la,sent	o	1
aquemna	s	1
√ßa,eod	o	1
quemnas	c	1
afileir	a	1
uemnasc	e	1
vesvolt	o	1
rtidaap	i	1
£otenho	n	1
im?n√£o	,	1
roaopen	s	1
ingu√©m	s	1
nascepa	r	1
ceparao	c	1
raoconq	u	1
©nios-p	a	1
aoconqu	i	1
en√£opa	r	1
edividi	d	1
lidades	;	1
£oparaq	u	1
maseupe	n	1
oparaqu	e	1
cotec√©	l	1
cemmilc	√	1
anela,s	e	1
odeconq	u	1
dasestr	e	1
elogopo	r	1
margura	d	1
raquems	o	1
solarea	v	1
en√£ose	i	1
ntrodam	i	1
quemson	h	1
ertocom	o	1
eumorre	r	1
nhacabe	√	1
uemsonh	a	1
msonhaq	u	1
haocabe	l	1
©mdolag	a	1
onhaque	p	1
epodeco	n	1
oestrum	e	1
nquist√	°	2
quist√°	m	1
quist√°	-	1
√°-lo,a	i	1
ertooum	e	1
°-lo,ai	n	1
squeoqu	e	1
aindaqu	e	2
ndaquet	e	1
duzirac	a	1
daquete	n	1
eucora√	ß	1
nosleva	n	1
√°grima	s	1
edeusnu	m	1
quetenh	a	1
aomist√	©	1
liz√°ve	i	1
µestoda	s	1
aeoinde	f	1
uetenha	r	1
etenhar	a	1
destino	m	1
destino	a	1
reisemp	r	4
sen√£oc	h	1
omodesc	o	2
√≠velfa	z	1
asedoss	e	1
tenhara	z	1
ebemems	o	1
tenhoso	n	1
aerrado	.	1
aumosan	d	1
enhoson	h	1
constru	i	1
√£ochoc	o	1
orbaixo	d	2
beriam?	)	1
hosonha	d	1
vejes√≥	p	1
onhadom	a	1
nhadoma	i	1
superf√	≠	1
eirasda	c	1
neladas	t	1
omaisqu	e	1
nammais	q	1
ammaisq	u	1
queoque	n	1
asceupa	r	1
avozded	e	1
omotudo	.	1
pensoe,	a	1
oquenap	o	1
tevesse	m	1
touhoje	d	1
touhoje	p	1
touhoje	l	1
touhoje	v	1
esoubes	s	2
umacert	e	1
uviuavo	z	1
esecruz	a	1
£oseiqu	√	1
quenapo	l	1
umapare	d	1
uenapol	e	1
√°tanto	s	1
mimtodo	s	1
enapole	√	1
acantig	a	1
rtodaca	b	1
ole√£of	e	1
traseir	a	1
e√£ofez	.	1
nhoaper	t	1
filosof	i	1
hoapert	a	1
o√ßotap	a	1
ordentr	o	1
eesquec	e	1
ertadoa	o	1
s√≥oque	t	1
adoaope	i	1
ocontr√	°	1
doaopei	t	1
oaopeit	o	1
elosbra	n	1
aopeito	h	1
ssou,et	a	1
ouquelh	e	1
natabac	a	1
seestiv	e	1
opeitoh	i	1
ohipot√	©	1
pot√©ti	c	1
ot√©tic	o	1
unemuma	c	1
un√£oin	v	1
t√©tico	m	1
peteemq	u	1
deumdos	m	1
√©ticom	a	1
mepesac	o	1
en√£och	o	1
uistira	r	1
o:talve	z	1
£o,n√£o	c	1
©ticoma	i	1
h,conhe	√	1
aumarua	i	1
ticomai	s	1
mb√©m,e	o	1
echocol	a	2
eiforaa	m	1
so?masp	e	1
icomais	h	1
tigadoi	n	1
osandra	j	1
omaishu	m	1
eumacoi	s	2
maishum	a	1
edeixar	√	1
aishuma	n	1
°depois	o	1
ishuman	i	1
nememna	d	1
rtaaltu	r	2
menumac	a	1
shumani	d	1
meucora	√	1
uparais	s	1
mostodo	o	1
lquerco	i	1
sdeumco	m	1
humanid	a	1
umanida	d	1
sp√≠rit	o	2
manidad	e	1
cenou-m	e	1
anidade	s	1
enhumka	n	1
aounemu	m	1
escidel	a	1
,talvez	t	1
manic√≥	m	1
noseele	√	1
idadesd	o	1
ntouaca	n	1
stidosq	u	1
√£ovenh	a	1
desdoqu	e	1
sardase	n	1
esdoque	c	1
ueserei	,	1
doquecr	i	1
rsosin√	∫	1
nestaho	r	1
oquecri	s	1
escomam	e	1
tomepes	a	1
£oest√£	o	1
quehei-	d	1
emnasce	p	1
quecris	t	1
£o-mans	a	1
uecrist	o	1
asassec	o	1
esousub	l	1
onenhum	a	1
onenhum	,	1
riodasc	o	1
en√£ona	s	1
ecristo	,	1
cariaso	r	1
rovarqu	e	1
nhofeit	o	1
rev√™-l	o	1
prop√≥s	i	2
ofeitof	i	1
reinada	.	1
cravosc	a	1
feitofi	l	1
emmimto	d	1
osofias	e	1
ntreale	a	1
encontr	a	1
encontr	o	1
encontr	e	1
sofiase	m	1
ot√£oce	r	1
coisasc	o	2
,aotira	r	1
izagemq	u	1
apelaja	n	1
ofiasem	s	1
u√©mdol	a	1
asemseg	r	1
semsegr	e	1
emsegre	d	1
ist√°-l	o	1
be√ßaar	d	1
joaruac	o	1
segredo	q	1
reavial	√	1
u-meade	u	1
ueasrel	i	1
gredoqu	e	1
he√ßo-o	:	1
redoque	n	1
oesteve	s	2
amusica	l	1
edoquen	e	1
l√∫cido	,	1
oquenen	h	1
quenenh	u	1
estrada	d	1
moseele	√	1
uenenhu	m	1
rissema	p	1
onfeita	r	1
onaalgi	b	1
odonoda	t	3
enenhum	k	1
nenhumk	a	1
humkant	e	1
talvezs	e	1
umkante	s	1
sagrega	,	1
rag√©ni	o	1
eouviua	v	1
mkantes	c	1
inspire	!	1
derno‚Ä	î	1
antescr	e	1
tescrev	e	1
l√ßas?)	.	1
sesempr	e	1
massou,	e	1
ogoporq	u	1
sou,eta	l	1
ueameta	f	1
nasceup	a	1
r√°atab	u	2
u,etalv	e	1
andoqui	s	1
-lo,ain	d	1
,etalve	z	1
ortaefi	c	1
dotrope	√	1
ererser	n	1
lvezser	e	1
ciadees	t	2
eremmim	?	1
ereisem	p	4
ei,amei	,	1
aqualid	a	1
deestev	e	1
avertan	t	1
i-mesmo	s	1
ord√°mo	s	1
eisempr	e	4
oseusol	,	1
isempre	s	1
isempre	o	2
isempre	,	1
mquehei	-	1
re,odam	a	1
e,odama	n	1
nspirar	q	1
,outive	r	1
,odaman	s	1
mquedig	o	1
odamans	a	1
ou-mead	e	1
za,soum	a	1
amansar	d	1
emquefo	r	1
ndaquen	√	1
anitide	z	1
uen√£om	o	1
m?n√£o,	n	1
ticopar	t	1
n√£omor	e	1
estodas	n	1
√£omore	n	1
t√∫pido	c	1
£omoren	e	1
√°tinha	e	1
√£ocrei	o	1
omorene	l	1
qu√©mdo	l	1
umaruai	n	1
morenel	a	1
dequeam	e	1
ntardac	a	1
orenela	;	1
houeesq	u	1
reoquen	√	1
oquen√£	o	2
n√£onas	c	1
√£onasc	e	1
ceupara	i	1
olas,qu	e	1
agroami	m	1
rumedet	a	1
paraiss	o	1
ealeald	a	1
scertoo	u	1
sempres	√	1
ß√£odeq	u	1
empres√	≥	1
reifuma	n	1
uelheab	r	1
maspens	o	1
√≥oquet	i	1
esprezo	s	1
acaligr	a	1
≥oqueti	n	1
oquetin	h	1
econtin	u	1
quetinh	a	1
ar√°ata	b	1
rrosque	p	1
inhaqua	l	1
umaisce	r	1
nhaqual	i	1
h√°mais	m	1
artoaqu	e	1
sosnaid	a	1
reoquee	s	1
oremexi	d	1
udoisto	s	1
udoisto	√	1
udoisto	m	1
eoquees	p	1
ist√°mo	s	1
latesco	m	1
er,cont	i	1
elheabr	i	1
orteap√	¥	1
ariadoo	u	1
nhaquep	o	1
queespe	r	1
ele√©al	h	1
ueesper	o	1
deumapa	r	1
esperou	q	1
sperouq	u	1
√≥rian√	£	1
perouqu	e	1
ucocote	c	1
nidades	d	1
erouque	l	1
rouquel	h	1
elajane	l	1
arro√ßa	d	1
£oensin	a	1
aruacom	u	1
deitotu	d	1
quelhea	b	1
sin√∫te	i	1
heabris	s	1
√£osoun	a	1
abrisse	m	1
rei,euq	u	1
h√°doid	o	1
quemeac	h	1
issemap	o	1
umc√£ot	o	1
oumades	p	1
t√©aoca	m	1
semapor	t	1
emaport	a	1
uacomum	a	1
maporta	a	1
merchoc	o	1
(comech	o	1
portaao	p	1
ortaaop	√	1
oqueosc	i	1
iagente	e	1
p√©deum	a	1
mserame	s	1
aparede	s	1
edesemp	o	1
oqueven	h	1
hojeper	p	1
tacasae	e	1
al,impo	s	1
desempo	r	1
ilosofi	a	1
cantoua	c	1
oparaoi	m	1
touacan	t	1
oistose	d	1
deinspi	r	1
ouacant	i	1
egredoq	u	1
uacanti	g	1
ra-si-m	e	1
cantiga	d	1
dacabe√	ß	1
igadoin	f	1
istemas	q	1
istemas	o	1
adoinfi	n	1
dequetu	d	1
eachaoc	a	1
ula√ß√µ	e	1
baldede	s	1
estrume	d	1
doinfin	i	1
oomundo	a	1
moosono	d	1
saconsc	i	1
oinfini	t	1
eiro,co	m	1
≠sicano	m	1
infinit	o	1
finiton	u	1
omenosf	i	1
nitonum	a	1
otolera	d	1
itonuma	c	1
rer√°ar	u	1
oaosp√©	s	1
ong√≠nq	u	1
tonumac	a	1
-entend	e	1
t√°-lo,	a	1
macapoe	i	1
capoeir	a	1
apoeira	,	1
ouviuav	o	1
mpredef	r	1
ocomgra	n	1
eespero	u	1
viuavoz	d	1
uavozde	d	1
vozdede	u	1
ertaalt	u	2
joospas	s	1
deusnum	p	1
restoqu	e	1
©deumap	a	1
anature	z	1
viaoesp	e	1
snumpo√	ß	1
numpo√ß	o	1
as,vejo	o	1
sistema	s	2
ledeixa	r	1
condena	√	1
umpo√ßo	t	1
emoqu√™	‚	1
stemome	n	1
mpo√ßot	a	1
mei,eat	√	1
nosnoge	s	1
sprezos	e	1
po√ßota	p	1
m-melog	o	1
sabeque	m	1
√ßotapa	d	1
long√≠n	q	1
seusol,	a	1
ss√≠vel	t	1
ss√≠vel	f	1
ss√≠vel	.	1
ss√≠vel	a	1
otapado	.	1
√°n√£os	a	1
orag√©n	i	1
reremmi	m	1
oissose	m	1
brissem	a	1
remmim?	n	1
£otinha	t	1
emmim?n	√	1
mmim?n√	£	1
?n√£o,n	e	1
saeele√	©	1
,nememn	a	1
ememnad	a	1
screver	e	2
rrame-m	e	1
desseeu	c	1
ame-mea	n	1
e√©alhe	i	1
me-mean	a	1
r,outiv	e	1
antamo-	n	1
artidop	a	1
eanatur	e	1
sdenosl	e	1
naturez	a	1
og√©nio	s	1
atureza	s	1
eemqueu	m	1
otempod	o	1
rezasob	r	1
sobreac	a	1
losbran	c	1
uja,com	e	1
obreaca	b	1
evantam	o	1
breacab	e	1
e√ßaard	e	1
paracom	p	1
veresta	h	1
ßaarden	t	1
√µesdom	u	1
aardent	e	1
,asuach	u	1
ager√™n	c	1
achuva,	o	1
chuva,o	v	1
,ovento	q	1
entoque	m	1
ntoquem	e	1
mamesma	v	1
apr√≥pr	i	1
acomoge	n	1
toqueme	a	1
esmenti	,	1
oquemea	c	1
£oseioq	u	1
uemeach	a	1
da√†car	a	1
chaocab	e	1
adetrov	a	1
ocabelo	,	1
orestoq	u	1
sconqui	s	1
toqueve	n	1
venhase	v	1
asevier	,	1
sevier,	o	1
verquev	i	1
ieudoqu	e	1
oantesd	e	1
mmesmou	m	1
erquevi	r	1
esmacoi	s	1
rquevir	,	1
rtamora	b	1
madespe	d	1
comerch	o	1
eadeusg	r	1
evir,ou	n	1
eladast	r	1
r,oun√£	o	1
escravo	s	1
n√£o,n√	£	1
aqueten	h	1
scravos	c	1
eareali	d	1
xidamen	t	1
ravosca	r	1
spensos	e	1
rmandad	e	1
voscard	√	1
iaparap	r	1
aqueasr	e	1
scard√≠	a	1
rd√≠aco	s	1
d√≠acos	d	1
rasedos	s	1
acosdas	e	1
tarexis	t	1
cosdase	s	1
asestre	l	1
iamusic	a	1
sestrel	a	1
strelas	,	1
un√£ove	n	1
√°mosto	d	1
jel√∫ci	d	1
ostodoo	m	1
nodatab	a	3
ereinad	a	1
todoomu	n	1
odoomun	d	1
eraenco	n	1
quesous	u	1
mundoan	t	1
nuofuma	n	1
√£oexis	t	1
lo,aind	a	1
undoant	e	1
damansa	r	1
antesde	n	1
pensame	n	2
tesdeno	s	1
inuar√°	f	1
esdenos	l	1
oslevan	t	1
va,oven	t	1
slevant	a	1
lapelaj	a	1
nhasevi	e	1
evantar	d	1
ardacam	a	1
tosinvo	c	2
esaberi	a	1
masacor	d	1
eparaoc	o	1
mossonh	a	1
asacord	√	1
sacord√	°	1
deplaus	√	1
araoimp	o	1
cord√°m	o	1
aver√£o	a	1
d√°mose	e	1
istirar	a	1
z√°veis	,	1
√°mosee	l	1
oseele√	©	2
le√©opa	c	1
emcorta	m	1
ladosme	u	1
e√©opac	o	1
√©opaco	,	1
ntamo-n	o	1
tamo-no	s	1
avoscar	d	1
amo-nos	e	1
mo-nose	e	1
preoutr	a	1
o√©umba	l	1
o-nosee	l	1
mhomeme	n	1
le√©alh	e	1
sa√≠mos	d	1
√≠mosde	c	1
osdecas	a	1
decasae	e	1
ossefel	i	1
√≥riapa	r	1
ecasaee	l	1
itosinv	o	2
µesalta	s	1
teaeoin	d	1
casaeel	e	1
e-meana	t	1
ele√©at	e	1
homemsa	i	1
vivi,es	t	1
ol,prao	d	1
dedeusn	u	1
le√©ate	r	1
ossosna	i	1
nhosonh	a	1
hipot√©	t	1
ldeprat	a	1
upatr√≠	c	1
e√©ater	r	1
zabsolu	t	1
aterrai	n	1
gestola	r	1
radaden	a	1
ememmim	‚	1
erraint	e	1
cebemem	s	1
aisosis	t	1
eele√©a	t	1
eele√©a	l	1
osistem	a	1
emasola	r	1
masl√°e	n	1
asolare	a	1
queacon	f	1
delapel	a	1
mnascep	a	1
lareavi	a	1
avial√°	c	1
oquefor	,	1
gi√µest	o	1
√°cteae	o	1
√£esque	t	1
er,outi	v	1
°cteaeo	i	1
uemn√£o	e	1
indefin	i	1
eoindef	i	1
oindefi	n	1
ndefini	d	1
comecho	c	2
colates	c	1
colates	.	1
colates	!	1
colates	,	1
nhoemmi	m	1
ates,pe	q	1
oespelh	o	1
i,eat√©	c	1
eusol,a	s	1
es,pequ	e	1
,pequen	a	2
pequena	s	1
pequena	;	1
especul	a	1
rsostam	b	1
,eeudei	x	1
haquen√	£	1
orrer√°	d	1
orrer√°	a	2
orrer√°	e	1
everest	e	1
everest	a	1
odeumdo	s	1
ial√°ct	e	1
isqueac	o	1
esdeout	r	1
svestid	o	1
altasen	o	2
n√£oh√°	m	2
onhando	?	1
√£oh√°m	e	1
√£oh√°m	a	1
odasped	r	1
oh√°mai	s	1
°maisme	t	1
ecabelo	s	1
ucomerc	h	1
osemfaz	e	1
stelado	d	1
smetaf√	≠	1
la√ß√µe	s	1
mundose	n	1
taf√≠si	c	3
spassei	o	1
uesou,s	e	1
aspedra	s	1
arcar√°	,	1
af√≠sic	a	3
-seeviu	-	1
ioemmim	.	1
f√≠sica	.	1
f√≠sica	√	1
f√≠sica	n	1
icanomu	n	1
istindo	,	1
anomund	o	1
nomundo	s	1
vinooes	t	1
ndosen√	£	1
essemme	t	1
dosen√£	o	1
ochocol	a	1
easreli	g	1
amorrer	√	2
amorrer	,	1
asrelig	i	1
sentesv	i	1
religi√	µ	1
efossev	i	1
nso?mas	p	1
mentepo	r	1
efinido	.	1
eligi√µ	e	1
ntosens	i	1
ar-teco	m	1
ligi√µe	s	1
mfazern	a	1
taaop√©	d	1
eestaca	s	1
alucosc	o	1
i√µesto	d	1
√µestod	a	1
todasn√	£	1
sn√£oen	s	1
emoutra	.	1
camesp√	≠	2
√£oensi	n	1
sinamma	i	1
inammai	s	1
mesmave	r	1
mmaisqu	e	1
aisquea	c	1
aconfei	t	1
confeit	a	1
nfeitar	i	1
s,comou	m	1
feitari	a	1
opapeld	e	1
oocontr	√	1
rhumida	d	1
ome,peq	u	1
enhasex	i	1
e,peque	n	1
equenas	u	1
iemevia	o	1
quenasu	j	1
ondeest	e	1
uenasuj	a	1
trangei	r	1
enasuja	,	1
ruacruz	a	1
nasuja,	c	1
asorriu	.	1
asuja,c	o	1
dooutro	l	1
sseeuco	m	1
ofumand	o	1
seeucom	e	1
ento-me	n	1
eeucome	r	1
eucomer	c	1
iasorri	u	1
atescom	a	1
ensarem	e	1
adequed	e	1
omamesm	a	1
en√£oen	c	1
esmaver	d	1
smaverd	a	1
certa,d	e	1
adecomq	u	1
seupens	o	1
zdosolr	e	1
ensoe,a	o	1
nsoe,ao	t	1
soe,aot	i	1
oparaoc	h	1
oe,aoti	r	1
aotirar	o	1
jooscar	r	1
realpor	d	1
realpor	f	1
treis√≥	e	1
es√≥oqu	e	1
iraropa	p	1
aropape	l	1
todeumd	o	1
eldepra	t	1
e√©rabo	p	1
sospens	a	2
deprata	,	1
seele√©	a	1
seele√©	o	1
ata,que	√	1
